{
  "3": {
    "total": 0.5967336991686175,
    "total_base": 0.5967336991686175,
    "intra_sim": 0.5,
    "dag_safety": 0.33333333333333337,
    "flow_balance": 0.7046652931283708,
    "attr_balance": 0.7046652931283708,
    "size_score": 0.9361702127659575,
    "n_middle": 3,
    "n_warnings": 2,
    "inf_conservation": 0.9999999712602841,
    "edge_conservation": 0.04035874439461874,
    "details": {
      "SN_0": {
        "intra_sim": 0.2450623928047771,
        "n": 19
      },
      "SN_1": {
        "intra_sim": 0.147268090701916,
        "n": 11
      },
      "SN_2": {
        "intra_sim": 0.25758899199461344,
        "n": 17
      }
    }
  },
  "4": {
    "total": 0.6426556849842204,
    "total_base": 0.6426556849842204,
    "intra_sim": 0.5,
    "dag_safety": 0.5,
    "flow_balance": 0.7046652931283708,
    "attr_balance": 0.7046652931283708,
    "size_score": 0.9574468085106383,
    "n_middle": 4,
    "n_warnings": 3,
    "inf_conservation": 0.9999999712602841,
    "edge_conservation": 0.056053811659192695,
    "details": {
      "SN_0": {
        "intra_sim": 0.29667388199938133,
        "n": 17
      },
      "SN_1": {
        "intra_sim": 0.26694116705939885,
        "n": 7
      },
      "SN_2": {
        "intra_sim": 0.25758899199461344,
        "n": 17
      },
      "SN_3": {
        "intra_sim": 0.3457686108847459,
        "n": 6
      }
    }
  },
  "5": {
    "total": 0.6969110041331565,
    "total_base": 0.6969110041331565,
    "intra_sim": 0.5,
    "dag_safety": 0.7,
    "flow_balance": 0.7046652931283708,
    "attr_balance": 0.7046652931283708,
    "size_score": 0.9787234042553191,
    "n_middle": 5,
    "n_warnings": 3,
    "inf_conservation": 1.0000000682566221,
    "edge_conservation": 0.07847533632286978,
    "details": {
      "SN_0": {
        "intra_sim": 0.29667388199938133,
        "n": 17
      },
      "SN_1": {
        "intra_sim": 0.26694116705939885,
        "n": 7
      },
      "SN_2": {
        "intra_sim": 0.32960002301260827,
        "n": 15
      },
      "SN_3": {
        "intra_sim": 0.14511226117610931,
        "n": 2
      },
      "SN_4": {
        "intra_sim": 0.3457686108847459,
        "n": 6
      }
    }
  },
  "6": {
    "total": 0.771154337363942,
    "total_base": 0.771154337363942,
    "intra_sim": 0.5,
    "dag_safety": 0.8666666666666667,
    "flow_balance": 0.8179506827891015,
    "attr_balance": 0.8179506827891015,
    "size_score": 1.0,
    "n_middle": 6,
    "n_warnings": 2,
    "inf_conservation": 1.000000096996278,
    "edge_conservation": 0.09641255605381144,
    "details": {
      "SN_0": {
        "intra_sim": 0.2688938888355291,
        "n": 8
      },
      "SN_1": {
        "intra_sim": 0.4590249501846053,
        "n": 11
      },
      "SN_2": {
        "intra_sim": 0.26694116705939885,
        "n": 7
      },
      "SN_3": {
        "intra_sim": 0.32960002301260827,
        "n": 15
      },
      "SN_4": {
        "intra_sim": 0.14511226117610931,
        "n": 2
      },
      "SN_5": {
        "intra_sim": 0.49262780137360096,
        "n": 4
      }
    }
  },
  "7": {
    "total": 0.7645180658340536,
    "total_base": 0.7645180658340536,
    "intra_sim": 0.5,
    "dag_safety": 0.8571428571428572,
    "flow_balance": 0.8179506827891015,
    "attr_balance": 0.8179506827891015,
    "size_score": 0.9787234042553191,
    "n_middle": 7,
    "n_warnings": 3,
    "inf_conservation": 1.0000000538867944,
    "edge_conservation": 0.1165919282511208,
    "details": {
      "SN_0": {
        "intra_sim": 0.2688938888355291,
        "n": 8
      },
      "SN_1": {
        "intra_sim": 0.4590249501846053,
        "n": 11
      },
      "SN_2": {
        "intra_sim": 0.26694116705939885,
        "n": 7
      },
      "SN_3": {
        "intra_sim": 0.3136020724972089,
        "n": 3
      },
      "SN_4": {
        "intra_sim": 0.4461568656208163,
        "n": 12
      },
      "SN_5": {
        "intra_sim": 0.14511226117610931,
        "n": 2
      },
      "SN_6": {
        "intra_sim": 0.49262780137360096,
        "n": 4
      }
    }
  }
}