{
  "graph_name": "gemmascope-transcoder-16k-p05-fact-the-language-spoken-20260424-173930-964822_prune_graph",
  "dataset": "gemmascope-transcoder-16k",
  "graph_path": "/workspace/demos/subgraph/gemmascope-transcoder-16k/gemmascope-transcoder-16k-p05-fact-the-language-spoken-20260424-173930-964822_prune_graph.pt",
  "method": "ours-harm-cos_relu-node",
  "method_family": "ours",
  "mean_method": "harm",
  "normalization": "cos_relu",
  "similarity_mode": "node",
  "best_k": 6,
  "auto_k_candidates": 5,
  "n_supernodes": 10,
  "total": 0.771154337363942,
  "total_base": 0.771154337363942,
  "intra_sim": 0.5,
  "dag_safety": 0.8666666666666667,
  "attr_balance": 0.8179506827891015,
  "size_score": 1.0,
  "n_middle": 6,
  "n_warnings": 2,
  "inf_conservation": 1.000000096996278,
  "edge_conservation": 0.09641255605381144,
  "within_cluster_weighted_edge_cosine_mean": 0.44543531255262,
  "F_phi": 0.885410264103369,
  "path_score": 0.9892204543944522,
  "residual_score": 0.7828715134055522,
  "shortcut_score": 0.8495354277464086,
  "D_phi": 0.010779545605547836,
  "R_phi": 0.21712848659444783,
  "R_phi_balance": 0.21712848659444783,
  "R_phi_suppressive": 0.22848222765062587,
  "R_phi_max": 0.4301264122572848,
  "shortcut_frac": 0.15046457225359147,
  "sigma_phi": 0.15046457225359147,
  "top_k_frac": 0.9892204543944522,
  "n_paths": 16,
  "n_shortcuts": 7,
  "n_direct": 23,
  "n_suppressive": 2,
  "n_balanced": 4,
  "result_path": "/workspace/eval_outputs/clustering/runs/gemmascope-transcoder-16k-p05-fact-the-language-spoken-20260424-173930-964822_prune_graph/ours-harm-cos_relu-node/result.json",
  "supernode_map_path": "/workspace/eval_outputs/clustering/runs/gemmascope-transcoder-16k-p05-fact-the-language-spoken-20260424-173930-964822_prune_graph/ours-harm-cos_relu-node/supernode_map.json",
  "auto_k_sweep_path": "/workspace/eval_outputs/clustering/runs/gemmascope-transcoder-16k-p05-fact-the-language-spoken-20260424-173930-964822_prune_graph/ours-harm-cos_relu-node/auto_k_sweep.json",
  "flow_report_path": "/workspace/eval_outputs/clustering/runs/gemmascope-transcoder-16k-p05-fact-the-language-spoken-20260424-173930-964822_prune_graph/ours-harm-cos_relu-node/flow_report.json",
  "final_supernodes": {
    "SN_0": [
      "4_10583_12",
      "22_4415_13",
      "22_14773_13",
      "23_4074_13",
      "24_410_13",
      "24_723_13",
      "24_6082_13",
      "25_14538_13"
    ],
    "SN_1": [
      "6_10660_12",
      "14_10660_12",
      "16_1654_13",
      "17_3437_12",
      "18_9239_12",
      "18_868_13",
      "18_9239_13",
      "19_9990_12",
      "19_9990_13",
      "20_1194_12",
      "20_1194_13"
    ],
    "SN_2": [
      "17_3531_13",
      "17_14947_13",
      "18_3724_13",
      "18_8826_13",
      "18_14080_13",
      "19_13366_13",
      "20_4752_13"
    ],
    "SN_3": [
      "19_11872_13",
      "20_11695_12",
      "20_11695_13",
      "21_5251_13",
      "22_4314_13",
      "22_5277_13",
      "22_10178_13",
      "23_850_13",
      "23_3269_13",
      "23_7367_13",
      "23_7979_13",
      "23_13607_13",
      "24_4036_13",
      "25_12021_13",
      "25_12223_13"
    ],
    "SN_4": [
      "20_7950_13",
      "20_12526_13"
    ],
    "SN_5": [
      "21_12621_13",
      "22_12284_13",
      "22_14724_13",
      "23_7753_13"
    ],
    "SN_EMB_0": [
      "E_5255_4"
    ],
    "SN_EMB_1": [
      "E_22230_5"
    ],
    "SN_EMB_2": [
      "E_22099_12"
    ],
    "SN_LOGIT_0": [
      "27_11430_13"
    ]
  },
  "score_details": {
    "SN_0": {
      "intra_sim": 0.2688938888355291,
      "n": 8
    },
    "SN_1": {
      "intra_sim": 0.4590249501846053,
      "n": 11
    },
    "SN_2": {
      "intra_sim": 0.26694116705939885,
      "n": 7
    },
    "SN_3": {
      "intra_sim": 0.32960002301260827,
      "n": 15
    },
    "SN_4": {
      "intra_sim": 0.14511226117610931,
      "n": 2
    },
    "SN_5": {
      "intra_sim": 0.49262780137360096,
      "n": 4
    }
  },
  "flow_report": {
    "path_decomposition": {
      "paths": [
        {
          "path": [
            "SN_EMB_2",
            "SN_LOGIT_0"
          ],
          "flow": 34.33959197998047,
          "frac": 0.48772170152641936,
          "length": 2
        },
        {
          "path": [
            "SN_EMB_2",
            "SN_1",
            "SN_LOGIT_0"
          ],
          "flow": 13.339485765457725,
          "frac": 0.189459347647735,
          "length": 3
        },
        {
          "path": [
            "SN_EMB_0",
            "SN_5",
            "SN_LOGIT_0"
          ],
          "flow": 6.302844904284607,
          "frac": 0.08951865948107164,
          "length": 3
        },
        {
          "path": [
            "SN_EMB_1",
            "SN_5",
            "SN_LOGIT_0"
          ],
          "flow": 4.430597664639952,
          "frac": 0.06292732403567732,
          "length": 3
        },
        {
          "path": [
            "SN_EMB_2",
            "SN_0",
            "SN_LOGIT_0"
          ],
          "flow": 2.7898068184734495,
          "frac": 0.039623339998597476,
          "length": 3
        },
        {
          "path": [
            "SN_EMB_0",
            "SN_2",
            "SN_5",
            "SN_LOGIT_0"
          ],
          "flow": 2.43513257952268,
          "frac": 0.03458593817362811,
          "length": 4
        },
        {
          "path": [
            "SN_EMB_0",
            "SN_0",
            "SN_LOGIT_0"
          ],
          "flow": 1.9253985408007688,
          "frac": 0.027346237922200554,
          "length": 3
        },
        {
          "path": [
            "SN_EMB_1",
            "SN_2",
            "SN_5",
            "SN_LOGIT_0"
          ],
          "flow": 1.5692415282361667,
          "frac": 0.02228777641573181,
          "length": 4
        },
        {
          "path": [
            "SN_EMB_2",
            "SN_0",
            "SN_1",
            "SN_LOGIT_0"
          ],
          "flow": 1.4892725515305225,
          "frac": 0.02115198524468524,
          "length": 4
        },
        {
          "path": [
            "SN_EMB_0",
            "SN_0",
            "SN_1",
            "SN_LOGIT_0"
          ],
          "flow": 1.0278285860454448,
          "frac": 0.014598143948705799,
          "length": 4
        }
      ],
      "total_flow": 70.40816898757548,
      "n_paths": 16,
      "concentration": {
        "1": 0.48772170152641936,
        "2": 0.6771810491741543,
        "3": 0.766699708655226,
        "4": 0.8296270326909033,
        "5": 0.8692503726895008,
        "6": 0.9038363108631289,
        "7": 0.9311825487853294,
        "8": 0.9534703252010611,
        "9": 0.9746223104457463,
        "10": 0.9892204543944522,
        "11": 0.9936673413790432
      },
      "D_phi": 0.010779545605547836,
      "top_k": 10,
      "top_k_frac": 0.9892204543944522
    },
    "local_residuals": {
      "per_sn": {
        "SN_0": {
          "in_flow_pos": 21.300122022628784,
          "in_flow_neg": -3.183088779449463,
          "in_flow_net": 18.11703324317932,
          "out_flow_pos": 10.074548840522766,
          "out_flow_neg": 0.0,
          "inf_exit": 5.92828369140625,
          "total_out": 16.002832531929016,
          "residual_abs": 2.114200711250305,
          "residual_rel": 0.11669685002350705,
          "balance": 2.114200711250305,
          "is_suppressive": false,
          "suppression_rel": null
        },
        "SN_1": {
          "in_flow_pos": 21.211522102355957,
          "in_flow_neg": -0.9054884910583496,
          "in_flow_net": 20.306033611297607,
          "out_flow_pos": 10.024664551019669,
          "out_flow_neg": -2.2359153255820274,
          "inf_exit": 21.251445770263672,
          "total_out": 29.040194995701313,
          "residual_abs": 8.734161384403706,
          "residual_rel": 0.4301264122572848,
          "balance": -8.734161384403706,
          "is_suppressive": false,
          "suppression_rel": null
        },