{
  "2": {
    "total": 0.688692928368836,
    "total_base": 0.688692928368836,
    "intra_sim": 0.4368218505167759,
    "dag_safety": 1.0,
    "flow_balance": 0.5044316467013669,
    "attr_balance": 0.5044316467013669,
    "size_score": 0.9076923076923077,
    "n_middle": 2,
    "n_warnings": 0,
    "inf_conservation": 1.000000057509367,
    "edge_conservation": 0.0251572327044025,
    "details": {
      "SN_0": {
        "intra_sim": 0.15300775059701588,
        "n": 34
      },
      "SN_1": {
        "intra_sim": 0.27699469550653544,
        "n": 31
      }
    }
  },
  "3": {
    "total": 0.6501693655251206,
    "total_base": 0.6501693655251206,
    "intra_sim": 0.5,
    "dag_safety": 0.33333333333333337,
    "flow_balance": 0.9288825903056107,
    "attr_balance": 0.9288825903056107,
    "size_score": 0.9230769230769231,
    "n_middle": 3,
    "n_warnings": 2,
    "inf_conservation": 1.000000057509367,
    "edge_conservation": 0.037037037037037014,
    "details": {
      "SN_0": {
        "intra_sim": 0.17434251856300623,
        "n": 26
      },
      "SN_1": {
        "intra_sim": 0.3067345876976499,
        "n": 19
      },
      "SN_2": {
        "intra_sim": 0.3821280190132951,
        "n": 20
      }
    }
  },
  "4": {
    "total": 0.7811394133711248,
    "total_base": 0.7811394133711248,
    "intra_sim": 0.5,
    "dag_safety": 0.8333333333333334,
    "flow_balance": 0.9404550893819349,
    "attr_balance": 0.9404550893819349,
    "size_score": 0.9384615384615385,
    "n_middle": 4,
    "n_warnings": 1,
    "inf_conservation": 1.0000000928997925,
    "edge_conservation": 0.048916841369671525,
    "details": {
      "SN_0": {
        "intra_sim": 0.1981738906381934,
        "n": 12
      },
      "SN_1": {
        "intra_sim": 0.32842106284030403,
        "n": 16
      },
      "SN_2": {
        "intra_sim": 0.32799557619864306,
        "n": 19
      },
      "SN_3": {
        "intra_sim": 0.40615674623233433,
        "n": 18
      }
    }
  }
}