{
  "graph_name": "clt-hp-p10-fact-the-capital-of-20260424-171350-828667_prune_graph",
  "dataset": "clt-hp",
  "graph_path": "/workspace/demos/subgraph/clt-hp/clt-hp-p10-fact-the-capital-of-20260424-171350-828667_prune_graph.pt",
  "method": "ours-harm-cos-edge",
  "method_family": "ours",
  "mean_method": "harm",
  "normalization": "cos",
  "similarity_mode": "edge",
  "best_k": 5,
  "auto_k_candidates": 4,
  "n_supernodes": 14,
  "total": 0.8689117405782516,
  "total_base": 0.8689117405782516,
  "intra_sim": 0.9,
  "dag_safety": 0.9,
  "attr_balance": 0.8187238853899296,
  "size_score": 0.8461538461538461,
  "n_middle": 5,
  "n_warnings": 1,
  "inf_conservation": 0.999999999999886,
  "edge_conservation": 0.44186046511627397,
  "within_cluster_weighted_edge_cosine_mean": 0.12850210823027639,
  "F_phi": 0.6620334573586015,
  "path_score": 0.9314565650446183,
  "residual_score": 0.0,
  "shortcut_score": 0.9648361044691806,
  "D_phi": 0.06854343495538173,
  "R_phi": 1.5135815851522931,
  "R_phi_balance": 1.5135815851522931,
  "R_phi_suppressive": 0.38260184543331255,
  "R_phi_max": 2.6756197621306983,
  "shortcut_frac": 0.035163895530819445,
  "sigma_phi": 0.035163895530819445,
  "top_k_frac": 0.9314565650446183,
  "n_paths": 23,
  "n_shortcuts": 2,
  "n_direct": 27,
  "n_suppressive": 1,
  "n_balanced": 4,
  "result_path": "/workspace/eval_outputs/clustering/runs/clt-hp-p10-fact-the-capital-of-20260424-171350-828667_prune_graph/ours-harm-cos-edge/result.json",
  "supernode_map_path": "/workspace/eval_outputs/clustering/runs/clt-hp-p10-fact-the-capital-of-20260424-171350-828667_prune_graph/ours-harm-cos-edge/supernode_map.json",
  "auto_k_sweep_path": "/workspace/eval_outputs/clustering/runs/clt-hp-p10-fact-the-capital-of-20260424-171350-828667_prune_graph/ours-harm-cos-edge/auto_k_sweep.json",
  "flow_report_path": "/workspace/eval_outputs/clustering/runs/clt-hp-p10-fact-the-capital-of-20260424-171350-828667_prune_graph/ours-harm-cos-edge/flow_report.json",
  "final_supernodes": {
    "SN_0": [
      "0_55815_4",
      "7_61400_17"
    ],
    "SN_1": [
      "14_66317_17",
      "17_1822_17",
      "17_93182_17",
      "17_98126_17",
      "21_84338_17"
    ],
    "SN_2": [
      "16_14597_17"
    ],
    "SN_3": [
      "18_47904_11",
      "18_47904_17",
      "22_95749_17"
    ],
    "SN_4": [
      "21_80595_17",
      "22_52965_17"
    ],
    "SN_EMB_0": [
      "E_714_3"
    ],
    "SN_EMB_1": [
      "E_6037_4"
    ],
    "SN_EMB_2": [
      "E_576_5"
    ],
    "SN_EMB_3": [
      "E_3170_7"
    ],
    "SN_EMB_4": [
      "E_96293_11"
    ],
    "SN_EMB_5": [
      "E_653_13"
    ],
    "SN_EMB_6": [
      "E_8667_14"
    ],
    "SN_EMB_7": [
      "E_7023_16"
    ],
    "SN_LOGIT_0": [
      "27_53731_17"
    ]
  },
  "score_details": {
    "SN_0": {
      "intra_sim": 0.9820410013198853,
      "n": 2
    },
    "SN_1": {
      "intra_sim": 0.5346189498901367,
      "n": 5
    },
    "SN_2": {
      "intra_sim": 1.0,
      "n": 1
    },
    "SN_3": {
      "intra_sim": 0.9957110484441122,
      "n": 3
    },
    "SN_4": {
      "intra_sim": 1.0,
      "n": 2
    }
  },
  "flow_report": {
    "path_decomposition": {
      "paths": [
        {
          "path": [
            "SN_EMB_4",
            "SN_LOGIT_0"
          ],
          "flow": 7.71875,
          "frac": 0.3011775646031552,
          "length": 2
        },
        {
          "path": [
            "SN_EMB_1",
            "SN_0",
            "SN_LOGIT_0"
          ],
          "flow": 5.616063358885889,
          "frac": 0.2191329276225124,
          "length": 3
        },
        {
          "path": [
            "SN_EMB_6",
            "SN_LOGIT_0"
          ],
          "flow": 4.03125,
          "frac": 0.15729516531905677,
          "length": 2
        },
        {
          "path": [
            "SN_EMB_5",
            "SN_LOGIT_0"
          ],
          "flow": 1.796875,
          "frac": 0.07011218609182764,
          "length": 2
        },
        {
          "path": [
            "SN_EMB_4",
            "SN_3",
            "SN_LOGIT_0"
          ],
          "flow": 1.5805694442819302,
          "frac": 0.06167216918736767,
          "length": 3
        },
        {
          "path": [
            "SN_EMB_1",
            "SN_2",
            "SN_LOGIT_0"
          ],
          "flow": 1.1695809543230016,
          "frac": 0.045635827488807866,
          "length": 3
        },
        {
          "path": [
            "SN_EMB_1",
            "SN_1",
            "SN_LOGIT_0"
          ],
          "flow": 0.7051095027681615,
          "frac": 0.027512636478996808,
          "length": 3
        },
        {
          "path": [
            "SN_EMB_7",
            "SN_LOGIT_0"
          ],
          "flow": 0.484375,
          "frac": 0.0188998066856231,
          "length": 2
        },
        {
          "path": [
            "SN_EMB_1",
            "SN_0",
            "SN_3",
            "SN_LOGIT_0"
          ],
          "flow": 0.44209041299781043,
          "frac": 0.017249906256982493,
          "length": 4
        },
        {
          "path": [
            "SN_EMB_3",
            "SN_0",
            "SN_LOGIT_0"
          ],
          "flow": 0.32723518784059513,
          "frac": 0.012768375310288125,
          "length": 3
        }
      ],
      "total_flow": 25.62856901432968,
      "n_paths": 23,
      "concentration": {
        "1": 0.3011775646031552,
        "2": 0.5203104922256676,
        "3": 0.6776056575447243,
        "4": 0.747717843636552,
        "5": 0.8093900128239196,
        "6": 0.8550258403127275,
        "7": 0.8825384767917245,
        "8": 0.9014382834773476,
        "9": 0.9186881897343301,
        "10": 0.9314565650446183,
        "11": 0.9439758836565801,
        "12": 0.9556976396989283,
        "13": 0.9671562007314443,
        "14": 0.9761986982498272,
        "15": 0.9837475687880043,
        "16": 0.9912760059379888
      },
      "D_phi": 0.06854343495538173,
      "top_k": 10,
      "top_k_frac": 0.9314565650446183
    },
    "local_residuals": {
      "per_sn": {
        "SN_0": {
          "in_flow_pos": 5.4208984375,
          "in_flow_neg": -0.1865234375,
          "in_flow_net": 5.234375,
          "out_flow_pos": 0.5525599885731936,
          "out_flow_neg": 0.0,
          "inf_exit": 0.720703125,
          "total_out": 1.2732631135731936,
          "residual_abs": 3.9611118864268064,
          "residual_rel": 0.7567497335261707,
          "balance": 3.9611118864268064,
          "is_suppressive": false,
          "suppression_rel": null
        },
        "SN_1": {
          "in_flow_pos": 1.310160906985402,
          "in_flow_neg": -0.1360270157456398,
          "in_flow_net": 1.1741338912397623,
          "out_flow_pos": 0.928950984030962,
          "out_flow_neg": 0.0,
          "inf_exit": 3.38671875,
          "total_out": 4.315669734030962,
          "residual_abs": 3.1415358427911997,
          "residual_rel": 2.6756197621306983,
          "balance": -3.1415358427911997,
          "is_suppressive": false,
          "suppression_rel": null
        },
        "SN_2": {
          "in_flow_pos": 1.21923828125,
          "in_flow_neg": 0.0,
          "in_flow_net": 1.21923828125,
          "out_flow_pos": 0.677734375,
          "out_flow_neg": -0.0670572891831398,
          "inf_exit": 0.51953125,
          "total_out": 1.1302083358168602,
          "residual_abs": 0.0890299454331398,
          "residual_rel": 0.07302095644650411,
          "balance": 0.0890299454331398,
          "is_suppressive": false,
          "suppression_rel": null
        },
        "SN_3": {
          "in_flow_pos": 1.9692992754280567,
          "in_flow_neg": -0.6416015625,
          "in_flow_net": 1.3276977129280567,
          "out_flow_pos": 1.7724609375,
          "out_flow_neg": 0.0,
          "inf_exit": 2.939453125,
          "total_out": 4.7119140625,
          "residual_abs": 3.3842163495719433,