{
  "graph_name": "clt-hp-p08-fact-the-capital-of-20260424-171241-030870_prune_graph",
  "dataset": "clt-hp",
  "graph_path": "/workspace/demos/subgraph/clt-hp/clt-hp-p08-fact-the-capital-of-20260424-171241-030870_prune_graph.pt",
  "method": "baseline-kmeans-node-profile",
  "method_family": "baseline",
  "mean_method": null,
  "normalization": null,
  "similarity_mode": null,
  "best_k": 3,
  "auto_k_candidates": 3,
  "n_supernodes": 17,
  "total": 0.8476843976263901,
  "total_base": 0.8476843976263901,
  "intra_sim": 0.5471595666869364,
  "dag_safety": 1.0,
  "attr_balance": 0.9341461104812373,
  "size_score": 1.0,
  "n_middle": 3,
  "n_warnings": 0,
  "inf_conservation": 0.9999999999999372,
  "edge_conservation": 0.2751677852348975,
  "within_cluster_weighted_edge_cosine_mean": 0.3044426486709054,
  "F_phi": 0.6551886339288364,
  "path_score": 0.9348906725923828,
  "residual_score": 0.0,
  "shortcut_score": 0.9374412163062775,
  "D_phi": 0.06510932740761721,
  "R_phi": 9.600942441447552,
  "R_phi_balance": 9.600942441447552,
  "R_phi_suppressive": 0.0,
  "R_phi_max": 23.949374151725316,
  "shortcut_frac": 0.06255878369372245,
  "sigma_phi": 0.06255878369372245,
  "top_k_frac": 0.9348906725923828,
  "n_paths": 25,
  "n_shortcuts": 3,
  "n_direct": 22,
  "n_suppressive": 0,
  "n_balanced": 3,
  "result_path": "/workspace/eval_outputs/clustering/runs/clt-hp-p08-fact-the-capital-of-20260424-171241-030870_prune_graph/baseline-kmeans-node-profile/result.json",
  "supernode_map_path": "/workspace/eval_outputs/clustering/runs/clt-hp-p08-fact-the-capital-of-20260424-171241-030870_prune_graph/baseline-kmeans-node-profile/supernode_map.json",
  "auto_k_sweep_path": "/workspace/eval_outputs/clustering/runs/clt-hp-p08-fact-the-capital-of-20260424-171241-030870_prune_graph/baseline-kmeans-node-profile/auto_k_sweep.json",
  "flow_report_path": "/workspace/eval_outputs/clustering/runs/clt-hp-p08-fact-the-capital-of-20260424-171241-030870_prune_graph/baseline-kmeans-node-profile/flow_report.json",
  "final_supernodes": {
    "SN_0": [
      "14_66317_13",
      "15_49329_13",
      "15_95054_13",
      "17_1822_13",
      "18_45367_13",
      "18_53951_13",
      "19_54790_13",
      "21_37152_13",
      "21_84338_13",
      "22_42360_13",
      "22_56784_13"
    ],
    "SN_1": [
      "18_25768_13",
      "19_16402_13"
    ],
    "SN_2": [
      "19_24018_13"
    ],
    "SN_EMB_0": [
      "E_2_0"
    ],
    "SN_EMB_1": [
      "E_18143_1"
    ],
    "SN_EMB_2": [
      "E_714_3"
    ],
    "SN_EMB_3": [
      "E_6037_4"
    ],
    "SN_EMB_4": [
      "E_576_5"
    ],
    "SN_EMB_5": [
      "E_573_6"
    ],
    "SN_EMB_6": [
      "E_2329_7"
    ],
    "SN_EMB_7": [
      "E_1570_8"
    ],
    "SN_EMB_8": [
      "E_62765_9"
    ],
    "SN_EMB_9": [
      "E_11394_10"
    ],
    "SN_EMB_10": [
      "E_603_11"
    ],
    "SN_EMB_11": [
      "E_7023_12"
    ],
    "SN_EMB_12": [
      "E_603_13"
    ],
    "SN_LOGIT_0": [
      "27_3250_13"
    ]
  },
  "score_details": {
    "SN_0": {
      "intra_sim": 0.60705328725579,
      "n": 11
    },
    "SN_1": {
      "intra_sim": 0.9259045909204096,
      "n": 2
    },
    "SN_2": {
      "intra_sim": 1.0,
      "n": 1
    }
  },
  "flow_report": {
    "path_decomposition": {
      "paths": [
        {
          "path": [
            "SN_EMB_12",
            "SN_LOGIT_0"
          ],
          "flow": 17.25,
          "frac": 0.49385112243002605,
          "length": 2
        },
        {
          "path": [
            "SN_EMB_9",
            "SN_LOGIT_0"
          ],
          "flow": 2.9375,
          "frac": 0.0840978360659827,
          "length": 2
        },
        {
          "path": [
            "SN_EMB_8",
            "SN_1",
            "SN_LOGIT_0"
          ],
          "flow": 2.4688796682099525,
          "frac": 0.07068168088638582,
          "length": 3
        },
        {
          "path": [
            "SN_EMB_8",
            "SN_LOGIT_0"
          ],
          "flow": 2.328125,
          "frac": 0.06665200837144374,
          "length": 2
        },
        {
          "path": [
            "SN_EMB_6",
            "SN_LOGIT_0"
          ],
          "flow": 1.90625,
          "frac": 0.054574127659839836,
          "length": 2
        },
        {
          "path": [
            "SN_EMB_2",
            "SN_LOGIT_0"
          ],
          "flow": 1.78125,
          "frac": 0.050995496337883126,
          "length": 2
        },
        {
          "path": [
            "SN_EMB_8",
            "SN_2",
            "SN_LOGIT_0"
          ],
          "flow": 1.6124310637855084,
          "frac": 0.046162370474870394,
          "length": 3
        },
        {
          "path": [
            "SN_EMB_9",
            "SN_2",
            "SN_LOGIT_0"
          ],
          "flow": 0.8657347993479241,
          "frac": 0.024785165355635113,
          "length": 3
        },
        {
          "path": [
            "SN_EMB_6",
            "SN_2",
            "SN_LOGIT_0"
          ],
          "flow": 0.8332697443723769,
          "frac": 0.023855721654798795,
          "length": 3
        },
        {
          "path": [
            "SN_EMB_4",
            "SN_LOGIT_0"
          ],
          "flow": 0.671875,
          "frac": 0.01923514335551732,
          "length": 2
        }
      ],
      "total_flow": 34.92955511596243,
      "n_paths": 25,
      "concentration": {
        "1": 0.49385112243002605,
        "2": 0.5779489584960088,
        "3": 0.6486306393823945,
        "4": 0.7152826477538383,
        "5": 0.7698567754136781,
        "6": 0.8208522717515613,
        "7": 0.8670146422264317,
        "8": 0.8917998075820667,
        "9": 0.9156555292368654,
        "10": 0.9348906725923828,
        "11": 0.9532918213840788,
        "12": 0.9680536755871502,
        "13": 0.9776637182707391,
        "14": 0.9856636669214829,
        "15": 0.990870130022489
      },
      "D_phi": 0.06510932740761721,
      "top_k": 10,
      "top_k_frac": 0.9348906725923828
    },
    "local_residuals": {
      "per_sn": {
        "SN_0": {
          "in_flow_pos": 1.734090174548328,
          "in_flow_neg": -1.4998101145029068,
          "in_flow_net": 0.23428006004542112,
          "out_flow_pos": 0.8060783743858337,
          "out_flow_neg": 0.0,
          "inf_exit": 5.0390625,
          "total_out": 5.845140874385834,
          "residual_abs": 5.610860814340413,
          "residual_rel": 23.949374151725316,
          "balance": -5.610860814340413,
          "is_suppressive": false,
          "suppression_rel": null
        },
        "SN_1": {
          "in_flow_pos": 2.3017578125,
          "in_flow_neg": -1.10009765625,
          "in_flow_net": 1.20166015625,
          "out_flow_pos": 0.9650390623137355,
          "out_flow_neg": -0.62109375,
          "inf_exit": 1.90625,
          "total_out": 2.2501953123137355,
          "residual_abs": 1.0485351560637355,
          "residual_rel": 0.8725721249966449,
          "balance": -1.0485351560637355,
          "is_suppressive": false,
          "suppression_rel": null
        },
        "SN_2": {
          "in_flow_pos": 2.643636077642441,
          "in_flow_neg": -1.23046875,
          "in_flow_net": 1.4131673276424408,
          "out_flow_pos": 3.788818359375,
          "out_flow_neg": 0.0,
          "inf_exit": 3.25,
          "total_out": 7.038818359375,
          "residual_abs": 5.625651031732559,
          "residual_rel": 3.980881047620695,
          "balance": -5.625651031732559,
          "is_suppressive": false,
          "suppression_rel": null
        }
      },
      "R_phi_balance": 9.600942441447552,
      "R_phi_suppressive": 0.0,
      "R_phi_max": 23.949374151725316,
      "R_phi": 9.600942441447552,
      "n_middle": 3,
      "n_suppressive": 0,
      "n_balanced": 3
    },
    "shortcut_analysis": {
      "edges": [
        {
          "src": "SN_EMB_12",
          "tgt": "SN_LOGIT_0",
          "weight": 4.3125,