{
  "3": {
    "total": 0.8296700485349585,
    "total_base": 0.8296700485349585,
    "intra_sim": 0.5,
    "dag_safety": 1.0,
    "flow_balance": 0.9758230512826911,
    "attr_balance": 0.9758230512826911,
    "size_score": 0.9285714285714286,
    "n_middle": 3,
    "n_warnings": 0,
    "inf_conservation": 1.0000000862975895,
    "edge_conservation": 0.02936288088642658,
    "details": {
      "SN_0": {
        "intra_sim": 0.10380886818829123,
        "n": 40
      },
      "SN_1": {
        "intra_sim": 0.3426734765813629,
        "n": 27
      },
      "SN_2": {
        "intra_sim": 0.35786763330300647,
        "n": 3
      }
    }
  },
  "4": {
    "total": 0.7667638394239403,
    "total_base": 0.7667638394239403,
    "intra_sim": 0.5,
    "dag_safety": 1.0,
    "flow_balance": 0.7127696434100469,
    "attr_balance": 0.7127696434100469,
    "size_score": 0.9428571428571428,
    "n_middle": 4,
    "n_warnings": 0,
    "inf_conservation": 1.0000001107791867,
    "edge_conservation": 0.03933518005540164,
    "details": {
      "SN_0": {
        "intra_sim": 0.16753866368880532,
        "n": 28
      },
      "SN_1": {
        "intra_sim": 0.13136039883008777,
        "n": 13
      },
      "SN_2": {
        "intra_sim": 0.35760130833861276,
        "n": 26
      },
      "SN_3": {
        "intra_sim": 0.35786763330300647,
        "n": 3
      }
    }
  },
  "5": {
    "total": 0.8019756039703856,
    "total_base": 0.8019756039703856,
    "intra_sim": 0.6,
    "dag_safety": 0.9,
    "flow_balance": 0.822188130167256,
    "attr_balance": 0.822188130167256,
    "size_score": 0.9571428571428572,
    "n_middle": 5,
    "n_warnings": 1,
    "inf_conservation": 1.0000000911939089,
    "edge_conservation": 0.04986149584487532,
    "details": {
      "SN_0": {
        "intra_sim": 0.22229953266582206,
        "n": 20
      },
      "SN_1": {
        "intra_sim": 0.1428349518622888,
        "n": 17
      },
      "SN_2": {
        "intra_sim": 0.6559743881225586,
        "n": 2
      },
      "SN_3": {
        "intra_sim": 0.3234957407869087,
        "n": 28
      },
      "SN_4": {
        "intra_sim": 0.35786763330300647,
        "n": 3
      }
    }
  },
  "6": {
    "total": 0.7973513891470608,
    "total_base": 0.7973513891470608,
    "intra_sim": 0.5833333333333333,
    "dag_safety": 1.0,
    "flow_balance": 0.7122626994453862,
    "attr_balance": 0.7122626994453862,
    "size_score": 0.9714285714285714,
    "n_middle": 6,
    "n_warnings": 0,
    "inf_conservation": 1.0000001034347075,
    "edge_conservation": 0.05927977839335177,
    "details": {
      "SN_0": {
        "intra_sim": 0.37761060521006584,
        "n": 5
      },
      "SN_1": {
        "intra_sim": 0.21220594742124865,
        "n": 23
      },
      "SN_2": {
        "intra_sim": 0.6559743881225586,
        "n": 2
      },
      "SN_3": {
        "intra_sim": 0.1990620233765286,
        "n": 10
      },
      "SN_4": {
        "intra_sim": 0.3362194447610839,
        "n": 27
      },
      "SN_5": {
        "intra_sim": 0.35786763330300647,
        "n": 3
      }
    }
  },
  "7": {
    "total": 0.8192877386880186,
    "total_base": 0.8192877386880186,
    "intra_sim": 0.5714285714285714,
    "dag_safety": 0.9523809523809523,
    "flow_balance": 0.8504842880854078,
    "attr_balance": 0.8504842880854078,
    "size_score": 0.9857142857142858,
    "n_middle": 7,
    "n_warnings": 1,
    "inf_conservation": 1.0000000838494296,
    "edge_conservation": 0.07036011080332406,
    "details": {
      "SN_0": {
        "intra_sim": 0.37761060521006584,
        "n": 5
      },
      "SN_1": {
        "intra_sim": 0.20285587570353433,
        "n": 18
      },
      "SN_2": {
        "intra_sim": 0.6559743881225586,
        "n": 2
      },
      "SN_3": {
        "intra_sim": 0.1990620233765286,
        "n": 10
      },
      "SN_4": {
        "intra_sim": 0.2981128930025512,
        "n": 15
      },
      "SN_5": {
        "intra_sim": 0.35786763330300647,
        "n": 3
      },
      "SN_6": {
        "intra_sim": 0.5153614342048326,
        "n": 17
      }
    }
  }
}