{
  "8": {
    "total": 0.6825738990203815,
    "total_base": 0.6825738990203815,
    "intra_sim": 0.5625,
    "dag_safety": 0.7857142857142857,
    "flow_balance": 0.5036238635587293,
    "attr_balance": 0.5036238635587293,
    "size_score": 0.9574468085106383,
    "n_middle": 8,
    "n_warnings": 6,
    "inf_conservation": 0.999999952399885,
    "edge_conservation": 0.10538116591928227,
    "details": {
      "SN_0": {
        "intra_sim": 0.2148499573980059,
        "n": 7
      },
      "SN_1": {
        "intra_sim": 0.07081470009135572,
        "n": 20
      },
      "SN_2": {
        "intra_sim": 1.0,
        "n": 1
      },
      "SN_3": {
        "intra_sim": 0.10036900639533997,
        "n": 2
      },
      "SN_4": {
        "intra_sim": 0.03703297736744086,
        "n": 3
      },
      "SN_5": {
        "intra_sim": 0.19946375934200156,
        "n": 9
      },
      "SN_6": {
        "intra_sim": 0.0,
        "n": 3
      },
      "SN_7": {
        "intra_sim": 0.11460845917463303,
        "n": 2
      }
    }
  },
  "9": {
    "total": 0.7263083354076261,
    "total_base": 0.7263083354076261,
    "intra_sim": 0.6666666666666667,
    "dag_safety": 0.8611111111111112,
    "flow_balance": 0.49518606030662715,
    "attr_balance": 0.49518606030662715,
    "size_score": 0.9361702127659575,
    "n_middle": 9,
    "n_warnings": 5,
    "inf_conservation": 0.9999999541961135,
    "edge_conservation": 0.11883408071748852,
    "details": {
      "SN_0": {
        "intra_sim": 0.2148499573980059,
        "n": 7
      },
      "SN_1": {
        "intra_sim": 0.07650087342450493,
        "n": 19
      },
      "SN_2": {
        "intra_sim": 0.02322680161645015,
        "n": 4
      },
      "SN_3": {
        "intra_sim": 1.0,
        "n": 1
      },
      "SN_4": {
        "intra_sim": 0.10036900639533997,
        "n": 2
      },
      "SN_5": {
        "intra_sim": 0.19946375934200156,
        "n": 9
      },
      "SN_6": {
        "intra_sim": 0.0,
        "n": 3
      },
      "SN_7": {
        "intra_sim": 1.0,
        "n": 1
      },
      "SN_8": {
        "intra_sim": 1.0,
        "n": 1
      }
    }
  },
  "10": {
    "total": 0.6915623549030432,
    "total_base": 0.6915623549030432,
    "intra_sim": 0.55,
    "dag_safety": 0.9111111111111111,
    "flow_balance": 0.4632234148840403,
    "attr_balance": 0.4632234148840403,
    "size_score": 0.9148936170212766,
    "n_middle": 10,
    "n_warnings": 4,
    "inf_conservation": 0.9999999676678272,
    "edge_conservation": 0.14573991031390102,
    "details": {
      "SN_0": {
        "intra_sim": 0.2148499573980059,
        "n": 7
      },
      "SN_1": {
        "intra_sim": 0.1387392720489791,
        "n": 12
      },
      "SN_2": {
        "intra_sim": 0.04864906085034212,
        "n": 4
      },
      "SN_3": {
        "intra_sim": 0.1870966244658286,
        "n": 12
      },
      "SN_4": {
        "intra_sim": 1.0,
        "n": 1
      },
      "SN_5": {
        "intra_sim": 0.03703297736744086,
        "n": 3
      },
      "SN_6": {
        "intra_sim": 0.10036900639533997,
        "n": 2
      },
      "SN_7": {
        "intra_sim": 0.06938743591308594,
        "n": 2
      },
      "SN_8": {
        "intra_sim": 0.11460845917463303,
        "n": 2
      },
      "SN_9": {
        "intra_sim": 0.0,
        "n": 2
      }
    }
  },
  "11": {
    "total": 0.7067212961321769,
    "total_base": 0.7067212961321769,
    "intra_sim": 0.7272727272727273,
    "dag_safety": 0.9454545454545454,
    "flow_balance": 0.29380974932561266,
    "attr_balance": 0.29380974932561266,
    "size_score": 0.8936170212765957,
    "n_middle": 11,
    "n_warnings": 3,
    "inf_conservation": 0.9999999532979993,
    "edge_conservation": 0.12107623318385623,
    "details": {
      "SN_0": {
        "intra_sim": 0.08587866343867048,
        "n": 23
      },
      "SN_1": {
        "intra_sim": 0.08522350589434306,
        "n": 3
      },
      "SN_2": {
        "intra_sim": 1.0,
        "n": 1
      },
      "SN_3": {
        "intra_sim": 1.0,
        "n": 1
      },
      "SN_4": {
        "intra_sim": 0.10036900639533997,
        "n": 2
      },
      "SN_5": {
        "intra_sim": 0.19636586204999024,
        "n": 10
      },
      "SN_6": {
        "intra_sim": 0.08881208300590515,
        "n": 2
      },
      "SN_7": {
        "intra_sim": 1.0,
        "n": 1
      },
      "SN_8": {
        "intra_sim": 0.0,
        "n": 2
      },
      "SN_9": {
        "intra_sim": 1.0,
        "n": 1
      },
      "SN_10": {
        "intra_sim": 1.0,
        "n": 1
      }
    }
  },
  "12": {
    "total": 0.759251612704478,
    "total_base": 0.759251612704478,
    "intra_sim": 0.6666666666666667,
    "dag_safety": 0.8939393939393939,
    "flow_balance": 0.6451947164529865,
    "attr_balance": 0.6451947164529865,
    "size_score": 0.8723404255319149,
    "n_middle": 12,
    "n_warnings": 7,
    "inf_conservation": 0.9999999290489148,
    "edge_conservation": 0.14573991031390102,
    "details": {
      "SN_0": {
        "intra_sim": 0.05901792237446422,
        "n": 7
      },
      "SN_1": {
        "intra_sim": 0.2353489562869072,
        "n": 6
      },
      "SN_2": {
        "intra_sim": 0.13166514682747862,
        "n": 17
      },
      "SN_3": {
        "intra_sim": 0.08522350589434306,
        "n": 3
      },
      "SN_4": {
        "intra_sim": 0.28352705513437587,
        "n": 3
      },
      "SN_5": {
        "intra_sim": 1.0,
        "n": 1
      },
      "SN_6": {
        "intra_sim": 1.0,
        "n": 1
      },
      "SN_7": {
        "intra_sim": 1.0,
        "n": 1
      },
      "SN_8": {
        "intra_sim": 0.08881208300590515,
        "n": 2
      },
      "SN_9": {
        "intra_sim": 0.0,
        "n": 3
      },
      "SN_10": {
        "intra_sim": 0.11460845917463303,
        "n": 2
      },
      "SN_11": {
        "intra_sim": 1.0,
        "n": 1
      }
    }
  }
}