{
  "13": {
    "total": 0.8502635149022768,
    "total_base": 0.8502635149022768,
    "intra_sim": 0.9230769230769231,
    "dag_safety": 0.9871794871794872,
    "flow_balance": 0.6575336160886635,
    "attr_balance": 0.6575336160886635,
    "size_score": 0.8108108108108107,
    "n_middle": 13,
    "n_warnings": 1,
    "inf_conservation": 0.9999999635508613,
    "edge_conservation": 0.3687707641196007,
    "details": {
      "SN_0": {
        "intra_sim": 0.5424886345863342,
        "n": 2
      },
      "SN_1": {
        "intra_sim": 0.9234503507614136,
        "n": 2
      },
      "SN_2": {
        "intra_sim": 0.7418947021166483,
        "n": 3
      },
      "SN_3": {
        "intra_sim": 0.354894788017393,
        "n": 9
      },
      "SN_4": {
        "intra_sim": 0.4881758689880371,
        "n": 3
      },
      "SN_5": {
        "intra_sim": 0.37780964374542236,
        "n": 2
      },
      "SN_6": {
        "intra_sim": 0.7237894535064697,
        "n": 2
      },
      "SN_7": {
        "intra_sim": 0.9578593373298645,
        "n": 3
      },
      "SN_8": {
        "intra_sim": 0.7842185497283936,
        "n": 2
      },
      "SN_9": {
        "intra_sim": 1.0,
        "n": 1
      },
      "SN_10": {
        "intra_sim": 0.7155758142471313,
        "n": 2
      },
      "SN_11": {
        "intra_sim": 0.5481963694095612,
        "n": 5
      },
      "SN_12": {
        "intra_sim": 1.0,
        "n": 1
      }
    }
  },
  "14": {
    "total": 0.8417960366649433,
    "total_base": 0.8417960366649433,
    "intra_sim": 0.9642857142857143,
    "dag_safety": 0.989010989010989,
    "flow_balance": 0.5940032734789003,
    "attr_balance": 0.5940032734789003,
    "size_score": 0.7837837837837838,
    "n_middle": 14,
    "n_warnings": 1,
    "inf_conservation": 0.999999961930902,
    "edge_conservation": 0.3787375415282386,
    "details": {
      "SN_0": {
        "intra_sim": 0.5424886345863342,
        "n": 2
      },
      "SN_1": {
        "intra_sim": 0.9234503507614136,
        "n": 2
      },
      "SN_2": {
        "intra_sim": 0.7418947021166483,
        "n": 3
      },
      "SN_3": {
        "intra_sim": 0.354894788017393,
        "n": 9
      },
      "SN_4": {
        "intra_sim": 0.4881758689880371,
        "n": 3
      },
      "SN_5": {
        "intra_sim": 0.37780964374542236,
        "n": 2
      },
      "SN_6": {
        "intra_sim": 0.7237894535064697,
        "n": 2
      },
      "SN_7": {
        "intra_sim": 0.9578593373298645,
        "n": 3
      },
      "SN_8": {
        "intra_sim": 0.7842185497283936,
        "n": 2
      },
      "SN_9": {
        "intra_sim": 1.0,
        "n": 1
      },
      "SN_10": {
        "intra_sim": 0.7155758142471313,
        "n": 2
      },
      "SN_11": {
        "intra_sim": 0.7660841941833496,
        "n": 4
      },
      "SN_12": {
        "intra_sim": 1.0,
        "n": 1
      },
      "SN_13": {
        "intra_sim": 1.0,
        "n": 1
      }
    }
  },
  "15": {
    "total": 0.8537256758067107,
    "total_base": 0.8537256758067107,
    "intra_sim": 0.9333333333333333,
    "dag_safety": 0.9904761904761905,
    "flow_balance": 0.6990211073452467,
    "attr_balance": 0.6990211073452467,
    "size_score": 0.7567567567567568,
    "n_middle": 15,
    "n_warnings": 1,
    "inf_conservation": 0.999999961930902,
    "edge_conservation": 0.41528239202657735,
    "details": {
      "SN_0": {
        "intra_sim": 0.5424886345863342,
        "n": 2
      },
      "SN_1": {
        "intra_sim": 0.9234503507614136,
        "n": 2
      },
      "SN_2": {
        "intra_sim": 0.7418947021166483,
        "n": 3
      },
      "SN_3": {
        "intra_sim": 0.772685619443655,
        "n": 5
      },
      "SN_4": {
        "intra_sim": 1.0,
        "n": 1
      },
      "SN_5": {
        "intra_sim": 0.4881758689880371,
        "n": 3
      },
      "SN_6": {
        "intra_sim": 0.6382748117049535,
        "n": 6
      },
      "SN_7": {
        "intra_sim": 0.37780964374542236,
        "n": 2
      },
      "SN_8": {
        "intra_sim": 0.7237894535064697,
        "n": 2
      },
      "SN_9": {
        "intra_sim": 0.7842185497283936,
        "n": 2
      },
      "SN_10": {
        "intra_sim": 1.0,
        "n": 1
      },
      "SN_11": {
        "intra_sim": 0.7155758142471313,
        "n": 2
      },
      "SN_12": {
        "intra_sim": 0.7660841941833496,
        "n": 4
      },
      "SN_13": {
        "intra_sim": 1.0,
        "n": 1
      },
      "SN_14": {
        "intra_sim": 1.0,
        "n": 1
      }
    }
  },
  "16": {
    "total": 0.8647351220330486,
    "total_base": 0.8647351220330486,
    "intra_sim": 0.96875,
    "dag_safety": 0.9916666666666667,
    "flow_balance": 0.7209900376817433,
    "attr_balance": 0.7209900376817433,
    "size_score": 0.7297297297297297,
    "n_middle": 16,
    "n_warnings": 1,
    "inf_conservation": 0.999999961930902,
    "edge_conservation": 0.4435215946843846,
    "details": {
      "SN_0": {
        "intra_sim": 0.5424886345863342,
        "n": 2
      },
      "SN_1": {
        "intra_sim": 0.9234503507614136,
        "n": 2
      },
      "SN_2": {
        "intra_sim": 0.7418947021166483,
        "n": 3
      },
      "SN_3": {
        "intra_sim": 0.772685619443655,
        "n": 5
      },
      "SN_4": {
        "intra_sim": 1.0,
        "n": 1
      },
      "SN_5": {
        "intra_sim": 0.4881758689880371,
        "n": 3
      },
      "SN_6": {
        "intra_sim": 0.7227821548779806,
        "n": 3
      },
      "SN_7": {
        "intra_sim": 0.37780964374542236,
        "n": 2
      },
      "SN_8": {
        "intra_sim": 0.7237894535064697,
        "n": 2
      },
      "SN_9": {
        "intra_sim": 0.9578593373298645,
        "n": 3
      },
      "SN_10": {
        "intra_sim": 0.7842185497283936,
        "n": 2
      },
      "SN_11": {
        "intra_sim": 1.0,
        "n": 1
      },
      "SN_12": {
        "intra_sim": 0.7155758142471313,
        "n": 2
      },
      "SN_13": {
        "intra_sim": 0.7660841941833496,
        "n": 4
      },
      "SN_14": {
        "intra_sim": 1.0,
        "n": 1
      },
      "SN_15": {
        "intra_sim": 1.0,
        "n": 1
      }
    }
  },
  "17": {
    "total": 0.8986313797043572,
    "total_base": 0.8986313797043572,
    "intra_sim": 0.9705882352941176,
    "dag_safety": 0.9926470588235294,
    "flow_balance": 0.8750104154787963,
    "attr_balance": 0.8750104154787963,
    "size_score": 0.7027027027027026,
    "n_middle": 17,
    "n_warnings": 1,
    "inf_conservation": 0.9999999457313089,
    "edge_conservation": 0.4867109634551487,
    "details": {
      "SN_0": {
        "intra_sim": 0.5424886345863342,
        "n": 2
      },
      "SN_1": {
        "intra_sim": 0.9234503507614136,
        "n": 2
      },
      "SN_2": {
        "intra_sim": 0.7418947021166483,
        "n": 3
      },
      "SN_3": {
        "intra_sim": 0.7663917938868204,
        "n": 3
      },
      "SN_4": {
        "intra_sim": 0.8251239061355591,
        "n": 2
      },
      "SN_5": {
        "intra_sim": 0.9696733355522156,
        "n": 2
      },
      "SN_6": {
        "intra_sim": 1.0,
        "n": 1
      },
      "SN_7": {
        "intra_sim": 0.4881758689880371,
        "n": 3
      },
      "SN_8": {
        "intra_sim": 0.37780964374542236,
        "n": 2
      },
      "SN_9": {
        "intra_sim": 0.7237894535064697,
        "n": 2
      },
      "SN_10": {
        "intra_sim": 0.7856471935907999,
        "n": 4
      },
      "SN_11": {
        "intra_sim": 0.7842185497283936,
        "n": 2
      },
      "SN_12": {
        "intra_sim": 1.0,
        "n": 1
      },
      "SN_13": {
        "intra_sim": 0.7155758142471313,
        "n": 2
      },
      "SN_14": {
        "intra_sim": 0.7660841941833496,
        "n": 4
      },
      "SN_15": {
        "intra_sim": 1.0,
        "n": 1
      },
      "SN_16": {
        "intra_sim": 1.0,
        "n": 1
      }
    }
  }
}