{
  "3": {
    "total": 0.8293255478693831,
    "total_base": 0.8293255478693831,
    "intra_sim": 0.5,
    "dag_safety": 1.0,
    "flow_balance": 0.9770036840148454,
    "attr_balance": 0.9770036840148454,
    "size_score": 0.9253731343283582,
    "n_middle": 3,
    "n_warnings": 0,
    "inf_conservation": 0.9999999999999274,
    "edge_conservation": 0.024551463644948042,
    "details": {
      "SN_0": {
        "intra_sim": 0.3210239017311445,
        "n": 25
      },
      "SN_1": {
        "intra_sim": 0.2540048122787182,
        "n": 31
      },
      "SN_2": {
        "intra_sim": 0.576130271228877,
        "n": 11
      }
    }
  },
  "4": {
    "total": 0.8318239301657367,
    "total_base": 0.8318239301657367,
    "intra_sim": 0.5,
    "dag_safety": 1.0,
    "flow_balance": 0.9750569146927974,
    "attr_balance": 0.9750569146927974,
    "size_score": 0.9402985074626866,
    "n_middle": 4,
    "n_warnings": 0,
    "inf_conservation": 0.999999909116457,
    "edge_conservation": 0.033994334277620365,
    "details": {
      "SN_0": {
        "intra_sim": 0.3210239017311445,
        "n": 25
      },
      "SN_1": {
        "intra_sim": 0.33006119407441487,
        "n": 27
      },
      "SN_2": {
        "intra_sim": 0.15018529196580252,
        "n": 4
      },
      "SN_3": {
        "intra_sim": 0.576130271228877,
        "n": 11
      }
    }
  },
  "5": {
    "total": 0.7699381329116894,
    "total_base": 0.7699381329116894,
    "intra_sim": 0.6,
    "dag_safety": 1.0,
    "flow_balance": 0.5955734271691462,
    "attr_balance": 0.5955734271691462,
    "size_score": 0.9552238805970149,
    "n_middle": 5,
    "n_warnings": 0,
    "inf_conservation": 0.999999909116457,
    "edge_conservation": 0.040604343720490994,
    "details": {
      "SN_0": {
        "intra_sim": 0.34688316844812217,
        "n": 19
      },
      "SN_1": {
        "intra_sim": 0.2920570747831913,
        "n": 33
      },
      "SN_2": {
        "intra_sim": 0.4742974638938904,
        "n": 2
      },
      "SN_3": {
        "intra_sim": 0.21897006034851074,
        "n": 2
      },
      "SN_4": {
        "intra_sim": 0.576130271228877,
        "n": 11
      }
    }
  },
  "6": {
    "total": 0.7582353490527819,
    "total_base": 0.7582353490527819,
    "intra_sim": 0.5833333333333333,
    "dag_safety": 1.0,
    "flow_balance": 0.5568219932260531,
    "attr_balance": 0.5568219932260531,
    "size_score": 0.9701492537313433,
    "n_middle": 6,
    "n_warnings": 0,
    "inf_conservation": 0.9999999123622952,
    "edge_conservation": 0.049102927289896084,
    "details": {
      "SN_0": {
        "intra_sim": 0.3270994113059714,
        "n": 6
      },
      "SN_1": {
        "intra_sim": 0.3037686438493482,
        "n": 32
      },
      "SN_2": {
        "intra_sim": 0.4742974638938904,
        "n": 2
      },
      "SN_3": {
        "intra_sim": 0.21897006034851074,
        "n": 2
      },
      "SN_4": {
        "intra_sim": 0.44241843075788284,
        "n": 14
      },
      "SN_5": {
        "intra_sim": 0.576130271228877,
        "n": 11
      }
    }
  },
  "7": {
    "total": 0.7968400636218477,
    "total_base": 0.7968400636218477,
    "intra_sim": 0.6428571428571428,
    "dag_safety": 0.9523809523809523,
    "flow_balance": 0.6754910291853297,
    "attr_balance": 0.6754910291853297,
    "size_score": 0.9850746268656716,
    "n_middle": 7,
    "n_warnings": 1,
    "inf_conservation": 0.9999998528552609,
    "edge_conservation": 0.060434372049102875,
    "details": {
      "SN_0": {
        "intra_sim": 0.5067984499037266,
        "n": 10
      },
      "SN_1": {
        "intra_sim": 0.5752634406089783,
        "n": 2
      },
      "SN_2": {
        "intra_sim": 0.3577561296025912,
        "n": 25
      },
      "SN_3": {
        "intra_sim": 0.390438402527278,
        "n": 15
      },
      "SN_4": {
        "intra_sim": 0.4742974638938904,
        "n": 2
      },
      "SN_5": {
        "intra_sim": 0.21897006034851074,
        "n": 2
      },
      "SN_6": {
        "intra_sim": 0.576130271228877,
        "n": 11
      }
    }
  }
}