{
  "graph_name": "gemmascope-transcoder-16k-p02-fact-the-largest-planet-20260424-172052-571968_prune_graph",
  "dataset": "gemmascope-transcoder-16k",
  "graph_path": "/workspace/demos/subgraph/gemmascope-transcoder-16k/gemmascope-transcoder-16k-p02-fact-the-largest-planet-20260424-172052-571968_prune_graph.pt",
  "method": "ours-arith-cos_relu-edge",
  "method_family": "ours",
  "mean_method": "arith",
  "normalization": "cos_relu",
  "similarity_mode": "edge",
  "best_k": 4,
  "auto_k_candidates": 5,
  "n_supernodes": 12,
  "total": 0.8318239301657367,
  "total_base": 0.8318239301657367,
  "intra_sim": 0.5,
  "dag_safety": 1.0,
  "attr_balance": 0.9750569146927974,
  "size_score": 0.9402985074626866,
  "n_middle": 4,
  "n_warnings": 0,
  "inf_conservation": 0.999999909116457,
  "edge_conservation": 0.033994334277620365,
  "within_cluster_weighted_edge_cosine_mean": 0.494138954555676,
  "F_phi": 0.7904954482236245,
  "path_score": 0.883174899848816,
  "residual_score": 0.464357253812958,
  "shortcut_score": 0.9930610404673691,
  "D_phi": 0.11682510015118397,
  "R_phi": 0.535642746187042,
  "R_phi_balance": 0.535642746187042,
  "R_phi_suppressive": 0.12074207937074809,
  "R_phi_max": 0.7170078000089045,
  "shortcut_frac": 0.006938959532630934,
  "sigma_phi": 0.006938959532630934,
  "top_k_frac": 0.883174899848816,
  "n_paths": 20,
  "n_shortcuts": 2,
  "n_direct": 29,
  "n_suppressive": 2,
  "n_balanced": 2,
  "result_path": "/workspace/eval_outputs/clustering/runs/gemmascope-transcoder-16k-p02-fact-the-largest-planet-20260424-172052-571968_prune_graph/ours-arith-cos_relu-edge/result.json",
  "supernode_map_path": "/workspace/eval_outputs/clustering/runs/gemmascope-transcoder-16k-p02-fact-the-largest-planet-20260424-172052-571968_prune_graph/ours-arith-cos_relu-edge/supernode_map.json",
  "auto_k_sweep_path": "/workspace/eval_outputs/clustering/runs/gemmascope-transcoder-16k-p02-fact-the-largest-planet-20260424-172052-571968_prune_graph/ours-arith-cos_relu-edge/auto_k_sweep.json",
  "flow_report_path": "/workspace/eval_outputs/clustering/runs/gemmascope-transcoder-16k-p02-fact-the-largest-planet-20260424-172052-571968_prune_graph/ours-arith-cos_relu-edge/flow_report.json",
  "final_supernodes": {
    "SN_0": [
      "14_5691_5",
      "14_69_14",
      "15_7288_5",
      "16_821_14",
      "16_2033_14",
      "16_13145_14",
      "16_15896_14",
      "17_4665_5",
      "17_14757_5",
      "17_14757_9",
      "17_14757_13",
      "17_14757_14",
      "18_468_14",
      "18_1338_14",
      "18_2349_14",
      "18_2540_14",
      "18_3268_14",
      "18_7704_14",
      "18_14687_14",
      "19_5714_5",
      "19_2550_14",
      "19_5714_14",
      "19_8745_14",
      "19_13419_14",
      "19_14317_14"
    ],
    "SN_1": [
      "19_1014_14",
      "20_367_14",
      "20_1204_14",
      "20_1723_14",
      "20_7086_14",
      "21_13018_5",
      "21_2507_14",
      "21_8664_14",
      "21_9094_14",
      "21_11955_14",
      "21_13018_14",
      "21_13426_14",
      "22_1691_14",
      "22_8641_14",
      "22_11135_14",
      "22_12212_14",
      "22_12229_14",
      "22_13978_14",
      "22_14620_14",
      "23_595_14",
      "23_4863_14",
      "23_13289_14",
      "23_14835_14",
      "23_16232_14",
      "24_6767_14",
      "24_8375_14",
      "25_9326_14"
    ],
    "SN_2": [
      "19_8598_14",
      "19_9215_14",
      "20_7549_14",
      "20_16380_14"
    ],
    "SN_3": [
      "23_3596_14",
      "23_5820_14",
      "23_7517_14",
      "23_7979_14",
      "24_6877_14",
      "24_7172_14",
      "24_8767_14",
      "24_15065_14",
      "25_2843_14",
      "25_8890_14",
      "25_11969_14"
    ],
    "SN_EMB_0": [
      "E_10155_4"
    ],
    "SN_EMB_1": [
      "E_14908_5"
    ],
    "SN_EMB_2": [
      "E_12677_8"
    ],
    "SN_EMB_3": [
      "E_1812_9"
    ],
    "SN_EMB_4": [
      "E_10379_11"
    ],
    "SN_EMB_5": [
      "E_7023_13"
    ],
    "SN_EMB_6": [
      "E_603_14"
    ],
    "SN_LOGIT_0": [
      "27_48453_14"
    ]
  },
  "score_details": {
    "SN_0": {
      "intra_sim": 0.3210239017311445,
      "n": 25
    },
    "SN_1": {
      "intra_sim": 0.33006119407441487,
      "n": 27
    },
    "SN_2": {
      "intra_sim": 0.15018529196580252,
      "n": 4
    },
    "SN_3": {
      "intra_sim": 0.576130271228877,
      "n": 11
    }
  },
  "flow_report": {
    "path_decomposition": {
      "paths": [
        {
          "path": [
            "SN_EMB_1",
            "SN_LOGIT_0"
          ],
          "flow": 14.308553695678711,
          "frac": 0.2579737829104949,
          "length": 2
        },
        {
          "path": [
            "SN_EMB_1",
            "SN_0",
            "SN_LOGIT_0"
          ],
          "flow": 10.363836326850842,
          "frac": 0.18685313132034906,
          "length": 3
        },
        {
          "path": [
            "SN_EMB_1",
            "SN_1",
            "SN_LOGIT_0"
          ],
          "flow": 4.090207434213096,
          "frac": 0.07374374148040201,
          "length": 3
        },
        {
          "path": [
            "SN_EMB_4",
            "SN_0",
            "SN_LOGIT_0"
          ],
          "flow": 3.798415459894511,
          "frac": 0.06848292469633942,
          "length": 3
        },
        {
          "path": [
            "SN_EMB_0",
            "SN_1",
            "SN_LOGIT_0"
          ],
          "flow": 3.782919028522169,
          "frac": 0.0682035342626338,
          "length": 3
        },
        {
          "path": [
            "SN_EMB_3",
            "SN_0",
            "SN_LOGIT_0"
          ],
          "flow": 3.3444532231028443,
          "frac": 0.06029828507346654,
          "length": 3
        },
        {
          "path": [
            "SN_EMB_2",
            "SN_0",
            "SN_LOGIT_0"
          ],
          "flow": 2.6607418413793256,
          "frac": 0.04797141994694817,
          "length": 3
        },
        {
          "path": [
            "SN_EMB_0",
            "SN_0",
            "SN_LOGIT_0"
          ],
          "flow": 2.4351908514254554,
          "frac": 0.043904884407777664,
          "length": 3
        },
        {
          "path": [
            "SN_EMB_4",
            "SN_1",
            "SN_LOGIT_0"
          ],
          "flow": 2.124967428966067,
          "frac": 0.03831176077408305,
          "length": 3
        },
        {
          "path": [
            "SN_EMB_2",
            "SN_1",
            "SN_LOGIT_0"
          ],
          "flow": 2.07614002951156,
          "frac": 0.03743143497632159,
          "length": 3
        }
      ],
      "total_flow": 55.46514662942655,
      "n_paths": 20,
      "concentration": {
        "1": 0.2579737829104949,
        "2": 0.444826914230844,
        "3": 0.5185706557112459,
        "4": 0.5870535804075854,
        "5": 0.6552571146702191,
        "6": 0.7155553997436856,
        "7": 0.7635268196906339,
        "8": 0.8074317040984115,
        "9": 0.8457434648724945,
        "10": 0.883174899848816,
        "11": 0.9133574677294899,
        "12": 0.9408795946045698,
        "13": 0.9615973881666523,
        "14": 0.9776349300226654,
        "15": 0.9835127965774236,
        "16": 0.9886881782468568,
        "17": 0.9924888283646701
      },
      "D_phi": 0.11682510015118397,
      "top_k": 10,
      "top_k_frac": 0.883174899848816
    },
    "local_residuals": {
      "per_sn": {
        "SN_0": {
          "in_flow_pos": 29.872759222984314,
          "in_flow_neg": 0.0,
          "in_flow_net": 29.872759222984314,
          "out_flow_pos": 2.2863470017910004,
          "out_flow_neg": 0.0,
          "inf_exit": 6.167410850524902,
          "total_out": 8.453757852315903,
          "residual_abs": 21.41900137066841,
          "residual_rel": 0.7170078000089045,
          "balance": 21.41900137066841,
          "is_suppressive": false,
          "suppression_rel": null
        },
        "SN_1": {
          "in_flow_pos": 17.457708328962326,