{
  "graph_name": "clt-hp-p05-fact-the-language-spoken-20260424-171104-257980_prune_graph",
  "dataset": "clt-hp",
  "graph_path": "/workspace/demos/subgraph/clt-hp/clt-hp-p05-fact-the-language-spoken-20260424-171104-257980_prune_graph.pt",
  "method": "ours-harm-cos-edge",
  "method_family": "ours",
  "mean_method": "harm",
  "normalization": "cos",
  "similarity_mode": "edge",
  "best_k": 4,
  "auto_k_candidates": 3,
  "n_supernodes": 7,
  "total": 0.8880003735771087,
  "total_base": 0.8880003735771087,
  "intra_sim": 0.875,
  "dag_safety": 1.0,
  "attr_balance": 0.7020014943084348,
  "size_score": 1.0,
  "n_middle": 4,
  "n_warnings": 0,
  "inf_conservation": 0.9999999999999446,
  "edge_conservation": 0.15909090909090728,
  "within_cluster_weighted_edge_cosine_mean": 0.6778703919342923,
  "F_phi": 0.6999999999999913,
  "path_score": 0.9999999999999782,
  "residual_score": 0.0,
  "shortcut_score": 1.0,
  "D_phi": 2.1760371282653068e-14,
  "R_phi": 1.3047275259501894,
  "R_phi_balance": 1.3047275259501894,
  "R_phi_suppressive": 3.4454135338303424,
  "R_phi_max": 1.7736860914336008,
  "shortcut_frac": 0.0,
  "sigma_phi": 0.0,
  "top_k_frac": 0.9999999999999782,
  "n_paths": 6,
  "n_shortcuts": 0,
  "n_direct": 12,
  "n_suppressive": 1,
  "n_balanced": 3,
  "result_path": "/workspace/eval_outputs/clustering/runs/clt-hp-p05-fact-the-language-spoken-20260424-171104-257980_prune_graph/ours-harm-cos-edge/result.json",
  "supernode_map_path": "/workspace/eval_outputs/clustering/runs/clt-hp-p05-fact-the-language-spoken-20260424-171104-257980_prune_graph/ours-harm-cos-edge/supernode_map.json",
  "auto_k_sweep_path": "/workspace/eval_outputs/clustering/runs/clt-hp-p05-fact-the-language-spoken-20260424-171104-257980_prune_graph/ours-harm-cos-edge/auto_k_sweep.json",
  "flow_report_path": "/workspace/eval_outputs/clustering/runs/clt-hp-p05-fact-the-language-spoken-20260424-171104-257980_prune_graph/ours-harm-cos-edge/flow_report.json",
  "final_supernodes": {
    "SN_0": [
      "4_83681_12"
    ],
    "SN_1": [
      "6_43047_12",
      "16_59225_13",
      "16_92378_13",
      "18_40581_13",
      "18_54160_13",
      "19_36461_13",
      "20_17935_12",
      "20_54580_12",
      "20_17935_13",
      "20_54580_13",
      "22_19177_13",
      "22_23892_13"
    ],
    "SN_2": [
      "18_62070_13",
      "19_45624_13",
      "19_62855_13"
    ],
    "SN_3": [
      "23_50752_13"
    ],
    "SN_EMB_0": [
      "E_5255_4"
    ],
    "SN_EMB_1": [
      "E_22099_12"
    ],
    "SN_LOGIT_0": [
      "27_11430_13"
    ]
  },
  "score_details": {
    "SN_0": {
      "intra_sim": 1.0,
      "n": 1
    },
    "SN_1": {
      "intra_sim": 0.672921034084125,
      "n": 12
    },
    "SN_2": {
      "intra_sim": 0.7628478407859802,
      "n": 3
    },
    "SN_3": {
      "intra_sim": 1.0,
      "n": 1
    }
  },
  "flow_report": {
    "path_decomposition": {
      "paths": [
        {
          "path": [
            "SN_EMB_1",
            "SN_LOGIT_0"
          ],
          "flow": 34.75,
          "frac": 0.7588847692430376,
          "length": 2
        },
        {
          "path": [
            "SN_EMB_1",
            "SN_0",
            "SN_LOGIT_0"
          ],
          "flow": 4.516778155499507,
          "frac": 0.09863925606498522,
          "length": 3
        },
        {
          "path": [
            "SN_EMB_0",
            "SN_2",
            "SN_LOGIT_0"
          ],
          "flow": 2.7224031035992398,
          "frac": 0.059452956865077365,
          "length": 3
        },
        {
          "path": [
            "SN_EMB_1",
            "SN_1",
            "SN_LOGIT_0"
          ],
          "flow": 2.718517230960277,
          "frac": 0.059368095582748526,
          "length": 3
        },
        {
          "path": [
            "SN_EMB_1",
            "SN_0",
            "SN_1",
            "SN_LOGIT_0"
          ],
          "flow": 0.8362882505827958,
          "frac": 0.01826320621767449,
          "length": 4
        },
        {
          "path": [
            "SN_EMB_1",
            "SN_2",
            "SN_LOGIT_0"
          ],
          "flow": 0.24689141159888814,
          "frac": 0.0053917160264549645,
          "length": 3
        }
      ],
      "total_flow": 45.79087815224071,
      "n_paths": 6,
      "concentration": {
        "1": 0.7588847692430376,
        "2": 0.8575240253080229,
        "3": 0.9169769821731002,
        "4": 0.9763450777558488,
        "5": 0.9946082839735233,
        "6": 0.9999999999999782
      },
      "D_phi": 2.1760371282653068e-14,
      "top_k": 10,
      "top_k_frac": 0.9999999999999782
    },
    "local_residuals": {
      "per_sn": {
        "SN_0": {
          "in_flow_pos": 3.796875,
          "in_flow_neg": 0.0,
          "in_flow_net": 3.796875,
          "out_flow_pos": 0.6717529296875,
          "out_flow_neg": 0.0,
          "inf_exit": 0.44140625,
          "total_out": 1.1131591796875,
          "residual_abs": 2.6837158203125,
          "residual_rel": 0.7068222736623653,
          "balance": 2.6837158203125,
          "is_suppressive": false,
          "suppression_rel": null
        },
        "SN_1": {
          "in_flow_pos": 2.9689533710479736,
          "in_flow_neg": 0.0,
          "in_flow_net": 2.9689533710479736,
          "out_flow_pos": 0.745361328125,
          "out_flow_neg": -0.2682291567325592,
          "inf_exit": 7.7578125,
          "total_out": 8.23494467139244,
          "residual_abs": 5.265991300344467,
          "residual_rel": 1.7736860914336008,
          "balance": -5.265991300344467,
          "is_suppressive": false,
          "suppression_rel": null
        },
        "SN_2": {
          "in_flow_pos": 2.7835285663604736,
          "in_flow_neg": -0.2682291567325592,
          "in_flow_net": 2.5152994096279144,
          "out_flow_pos": 2.203450560569763,
          "out_flow_neg": 0.0,
          "inf_exit": 3.91796875,
          "total_out": 6.121419310569763,
          "residual_abs": 3.6061199009418488,
          "residual_rel": 1.4336742127546018,
          "balance": -3.6061199009418488,
          "is_suppressive": false,
          "suppression_rel": null
        },
        "SN_3": {
          "in_flow_pos": 0.811767578125,
          "in_flow_neg": 0.0,
          "in_flow_net": 0.811767578125,
          "out_flow_pos": 0.0,
          "out_flow_neg": -2.796875,
          "inf_exit": -2.796875,
          "total_out": -5.59375,
          "residual_abs": 6.405517578125,
          "residual_rel": 7.890827067659453,
          "balance": 6.405517578125,
          "is_suppressive": true,
          "suppression_rel": 3.4454135338303424
        }
      },
      "R_phi_balance": 1.3047275259501894,
      "R_phi_suppressive": 3.4454135338303424,
      "R_phi_max": 1.7736860914336008,
      "R_phi": 1.3047275259501894,
      "n_middle": 4,
      "n_suppressive": 1,
      "n_balanced": 3
    },
    "shortcut_analysis": {
      "edges": [
        {
          "src": "SN_EMB_1",
          "tgt": "SN_LOGIT_0",
          "weight": 8.6875,
          "shortcut_ratio": 0.9307386482526728,
          "is_shortcut": false,
          "best_mediator": "SN_1",
          "mediation_strength": 0.646484375
        },
        {
          "src": "SN_EMB_1",
          "tgt": "SN_0",
          "weight": 3.796875,
          "shortcut_ratio": 0.9999999999997367,
          "is_shortcut": false,
          "best_mediator": null,
          "mediation_strength": 0.0
        },
        {
          "src": "SN_EMB_1",
          "tgt": "SN_1",
          "weight": 2.5540363788604736,
          "shortcut_ratio": 0.9172719145157633,
          "is_shortcut": false,
          "best_mediator": "SN_0",
          "mediation_strength": 0.2303466796875
        },
        {
          "src": "SN_EMB_0",
          "tgt": "SN_2",
          "weight": 2.5520832538604736,
          "shortcut_ratio": 0.9999999999996081,
          "is_shortcut": false,
          "best_mediator": null,