{
  "2": {
    "total": 0.6064158406137248,
    "total_base": 0.6064158406137248,
    "intra_sim": 0.5998175079281023,
    "dag_safety": 1.0,
    "flow_balance": 0.0,
    "attr_balance": 0.0,
    "size_score": 0.8823529411764706,
    "n_middle": 2,
    "n_warnings": 0,
    "inf_conservation": 0.9999999999999446,
    "edge_conservation": 0.07954545454545364,
    "details": {
      "SN_0": {
        "intra_sim": 0.5365871953862634,
        "n": 12
      },
      "SN_1": {
        "intra_sim": 0.7366088151931762,
        "n": 5
      }
    }
  },
  "3": {
    "total": 0.8489439066311978,
    "total_base": 0.8489439066311978,
    "intra_sim": 0.6361683543732803,
    "dag_safety": 1.0,
    "flow_balance": 0.8794324248062665,
    "attr_balance": 0.8794324248062665,
    "size_score": 0.9411764705882353,
    "n_middle": 3,
    "n_warnings": 0,
    "inf_conservation": 0.9999999999999446,
    "edge_conservation": 0.12499999999999858,
    "details": {
      "SN_0": {
        "intra_sim": 0.7477077184511083,
        "n": 8
      },
      "SN_1": {
        "intra_sim": 0.6031888971726099,
        "n": 4
      },
      "SN_2": {
        "intra_sim": 0.7366088151931762,
        "n": 5
      }
    }
  },
  "4": {
    "total": 0.9184971423114532,
    "total_base": 0.9184971423114532,
    "intra_sim": 0.875,
    "dag_safety": 1.0,
    "flow_balance": 0.8239885692458125,
    "attr_balance": 0.8239885692458125,
    "size_score": 1.0,
    "n_middle": 4,
    "n_warnings": 0,
    "inf_conservation": 0.9999999999999446,
    "edge_conservation": 0.17045454545454353,
    "details": {
      "SN_0": {
        "intra_sim": 0.6603993773460388,
        "n": 2
      },
      "SN_1": {
        "intra_sim": 0.8643988963393938,
        "n": 7
      },
      "SN_2": {
        "intra_sim": 0.7813884019851685,
        "n": 3
      },
      "SN_3": {
        "intra_sim": 0.7366088151931762,
        "n": 5
      }
    }
  }
}