{
  "graph_name": "clt-hp-p07-fact-the-inventor-of-20260424-171211-217697_prune_graph",
  "dataset": "clt-hp",
  "graph_path": "/workspace/demos/subgraph/clt-hp/clt-hp-p07-fact-the-inventor-of-20260424-171211-217697_prune_graph.pt",
  "method": "ours-harm-cos_relu-edge",
  "method_family": "ours",
  "mean_method": "harm",
  "normalization": "cos_relu",
  "similarity_mode": "edge",
  "best_k": 5,
  "auto_k_candidates": 5,
  "n_supernodes": 8,
  "total": 0.891889700149024,
  "total_base": 0.891889700149024,
  "intra_sim": 0.8,
  "dag_safety": 1.0,
  "attr_balance": 0.9142254672627625,
  "size_score": 0.8666666666666667,
  "n_middle": 5,
  "n_warnings": 0,
  "inf_conservation": 0.9999999999999208,
  "edge_conservation": 0.2903225806451582,
  "within_cluster_weighted_edge_cosine_mean": 0.605860088078881,
  "F_phi": 0.6673339650961346,
  "path_score": 0.9267913188297356,
  "residual_score": 0.1266415198448625,
  "shortcut_score": 0.8620832720359387,
  "D_phi": 0.07320868117026436,
  "R_phi": 0.8733584801551375,
  "R_phi_balance": 0.8733584801551375,
  "R_phi_suppressive": 0.0,
  "R_phi_max": 1.540096277014265,
  "shortcut_frac": 0.1379167279640613,
  "sigma_phi": 0.1379167279640613,
  "top_k_frac": 0.9267913188297356,
  "n_paths": 28,
  "n_shortcuts": 5,
  "n_direct": 17,
  "n_suppressive": 0,
  "n_balanced": 5,
  "result_path": "/workspace/eval_outputs/clustering/runs/clt-hp-p07-fact-the-inventor-of-20260424-171211-217697_prune_graph/ours-harm-cos_relu-edge/result.json",
  "supernode_map_path": "/workspace/eval_outputs/clustering/runs/clt-hp-p07-fact-the-inventor-of-20260424-171211-217697_prune_graph/ours-harm-cos_relu-edge/supernode_map.json",
  "auto_k_sweep_path": "/workspace/eval_outputs/clustering/runs/clt-hp-p07-fact-the-inventor-of-20260424-171211-217697_prune_graph/ours-harm-cos_relu-edge/auto_k_sweep.json",
  "flow_report_path": "/workspace/eval_outputs/clustering/runs/clt-hp-p07-fact-the-inventor-of-20260424-171211-217697_prune_graph/ours-harm-cos_relu-edge/flow_report.json",
  "final_supernodes": {
    "SN_0": [
      "16_79358_12",
      "18_31903_12"
    ],
    "SN_1": [
      "17_7609_12"
    ],
    "SN_2": [
      "18_55190_12",
      "18_85767_12",
      "19_36656_12"
    ],
    "SN_3": [
      "18_77257_12",
      "19_102_12",
      "19_21893_12",
      "19_49807_12",
      "20_94238_12",
      "21_68487_12"
    ],
    "SN_4": [
      "22_9278_12",
      "22_12742_12",
      "22_61729_12"
    ],
    "SN_EMB_0": [
      "E_81312_4"
    ],
    "SN_EMB_1": [
      "E_19909_7"
    ],
    "SN_LOGIT_0": [
      "27_16188_12"
    ]
  },
  "score_details": {
    "SN_0": {
      "intra_sim": 0.7480392456054688,
      "n": 2
    },
    "SN_1": {
      "intra_sim": 1.0,
      "n": 1
    },
    "SN_2": {
      "intra_sim": 0.6926394104957581,
      "n": 3
    },
    "SN_3": {
      "intra_sim": 0.4177078116685152,
      "n": 6
    },
    "SN_4": {
      "intra_sim": 0.3548807054758072,
      "n": 3
    }
  },
  "flow_report": {
    "path_decomposition": {
      "paths": [
        {
          "path": [
            "SN_EMB_1",
            "SN_LOGIT_0"
          ],
          "flow": 4.15625,
          "frac": 0.2843970879688434,
          "length": 2
        },
        {
          "path": [
            "SN_EMB_1",
            "SN_2",
            "SN_LOGIT_0"
          ],
          "flow": 2.84601296701408,
          "frac": 0.19474232785332266,
          "length": 3
        },
        {
          "path": [
            "SN_EMB_1",
            "SN_4",
            "SN_LOGIT_0"
          ],
          "flow": 1.529947966337204,
          "frac": 0.10468878108154102,
          "length": 3
        },
        {
          "path": [
            "SN_EMB_0",
            "SN_LOGIT_0"
          ],
          "flow": 1.4609375,
          "frac": 0.0999666455830333,
          "length": 2
        },
        {
          "path": [
            "SN_EMB_1",
            "SN_0",
            "SN_LOGIT_0"
          ],
          "flow": 1.0368284701390782,
          "frac": 0.07094640544499121,
          "length": 3
        },
        {
          "path": [
            "SN_EMB_1",
            "SN_3",
            "SN_LOGIT_0"
          ],
          "flow": 0.881944638319159,
          "frac": 0.06034826752185351,
          "length": 3
        },
        {
          "path": [
            "SN_EMB_0",
            "SN_0",
            "SN_LOGIT_0"
          ],
          "flow": 0.6115932642487046,
          "frac": 0.04184910517261737,
          "length": 3
        },
        {
          "path": [
            "SN_EMB_0",
            "SN_3",
            "SN_LOGIT_0"
          ],
          "flow": 0.3944141658979401,
          "frac": 0.026988328477602276,
          "length": 3
        },
        {
          "path": [
            "SN_EMB_1",
            "SN_2",
            "SN_4",
            "SN_LOGIT_0"
          ],
          "flow": 0.31506912659766595,
          "frac": 0.021559035696424193,
          "length": 4
        },
        {
          "path": [
            "SN_EMB_1",
            "SN_0",
            "SN_1",
            "SN_LOGIT_0"
          ],
          "flow": 0.311361467139351,
          "frac": 0.02130533402950692,
          "length": 4
        }
      ],
      "total_flow": 14.614249497713022,
      "n_paths": 28,
      "concentration": {
        "1": 0.2843970879688434,
        "2": 0.479139415822166,
        "3": 0.583828196903707,
        "4": 0.6837948424867403,
        "5": 0.7547412479317315,
        "6": 0.815089515453585,
        "7": 0.8569386206262023,
        "8": 0.8839269491038045,
        "9": 0.9054859848002287,
        "10": 0.9267913188297356,
        "11": 0.9426139512390296,
        "12": 0.9551813133054544,
        "13": 0.9646200089529167,
        "14": 0.9723264995523594,
        "15": 0.9774879985024043,
        "16": 0.9820338205716835,
        "17": 0.9860709494026516,
        "18": 0.9897941619873248,
        "19": 0.9921755402683371
      },
      "D_phi": 0.07320868117026436,
      "top_k": 10,
      "top_k_frac": 0.9267913188297356
    },
    "local_residuals": {
      "per_sn": {
        "SN_0": {
          "in_flow_pos": 1.900390625,
          "in_flow_neg": 0.0,
          "in_flow_net": 1.900390625,
          "out_flow_pos": 2.534912109375,
          "out_flow_neg": 0.0,
          "inf_exit": 1.94140625,
          "total_out": 4.476318359375,
          "residual_abs": 2.575927734375,
          "residual_rel": 1.3554727646447131,
          "balance": -2.575927734375,
          "is_suppressive": false,
          "suppression_rel": null
        },
        "SN_1": {
          "in_flow_pos": 0.77734375,
          "in_flow_neg": -0.142578125,
          "in_flow_net": 0.634765625,
          "out_flow_pos": 0.5078125,
          "out_flow_neg": -0.3341471329331398,
          "inf_exit": 0.5078125,
          "total_out": 0.6814778670668602,
          "residual_abs": 0.0467122420668602,
          "residual_rel": 0.07358974750213768,
          "balance": -0.0467122420668602,
          "is_suppressive": false,
          "suppression_rel": null
        },
        "SN_2": {
          "in_flow_pos": 3.1233723163604736,
          "in_flow_neg": -0.528564453125,
          "in_flow_net": 2.5948078632354736,
          "out_flow_pos": 1.2102050483226776,
          "out_flow_neg": 0.0,
          "inf_exit": 1.97265625,
          "total_out": 3.1828612983226776,
          "residual_abs": 0.588053435087204,
          "residual_rel": 0.22662696665090715,
          "balance": -0.588053435087204,
          "is_suppressive": false,
          "suppression_rel": null
        },
        "SN_3": {
          "in_flow_pos": 1.9236653745174408,
          "in_flow_neg": -0.0641276016831398,
          "in_flow_net": 1.859537772834301,
          "out_flow_pos": 1.104264348745346,
          "out_flow_neg": 0.0,
          "inf_exit": 3.619140625,
          "total_out": 4.723404973745346,
          "residual_abs": 2.863867200911045,
          "residual_rel": 1.540096277014265,