{
  "11": {
    "total": 0.6588026970528339,
    "total_base": 0.6588026970528339,
    "intra_sim": 0.5,
    "dag_safety": 0.5636363636363637,
    "flow_balance": 0.7073953200973601,
    "attr_balance": 0.7073953200973601,
    "size_score": 0.9552238805970149,
    "n_middle": 11,
    "n_warnings": 24,
    "inf_conservation": 0.9999998647566678,
    "edge_conservation": 0.13786591123701594,
    "details": {
      "SN_0": {
        "intra_sim": 0.006295182276517153,
        "n": 5
      },
      "SN_1": {
        "intra_sim": 0.06208704548696868,
        "n": 13
      },
      "SN_2": {
        "intra_sim": 0.008898350011025156,
        "n": 7
      },
      "SN_3": {
        "intra_sim": 0.10590351062516372,
        "n": 4
      },
      "SN_4": {
        "intra_sim": 0.058575173219045006,
        "n": 4
      },
      "SN_5": {
        "intra_sim": 0.07551203986319403,
        "n": 9
      },
      "SN_6": {
        "intra_sim": 0.11207504508395989,
        "n": 4
      },
      "SN_7": {
        "intra_sim": 0.04558082087191217,
        "n": 12
      },
      "SN_8": {
        "intra_sim": 0.057135378321011863,
        "n": 4
      },
      "SN_9": {
        "intra_sim": 0.0857752114534378,
        "n": 3
      },
      "SN_10": {
        "intra_sim": 0.038731493055820465,
        "n": 2
      }
    }
  },
  "12": {
    "total": 0.6731512311027718,
    "total_base": 0.6731512311027718,
    "intra_sim": 0.5,
    "dag_safety": 0.6060606060606061,
    "flow_balance": 0.7343055123803317,
    "attr_balance": 0.7343055123803317,
    "size_score": 0.9402985074626866,
    "n_middle": 12,
    "n_warnings": 26,
    "inf_conservation": 0.9999998820678051,
    "edge_conservation": 0.1510859301227572,
    "details": {
      "SN_0": {
        "intra_sim": 0.006295182276517153,
        "n": 5
      },
      "SN_1": {
        "intra_sim": 0.020281131379306316,
        "n": 5
      },
      "SN_2": {
        "intra_sim": 0.10590351062516372,
        "n": 4
      },
      "SN_3": {
        "intra_sim": 0.08978754955913043,
        "n": 9
      },
      "SN_4": {
        "intra_sim": 0.05843880401754921,
        "n": 11
      },
      "SN_5": {
        "intra_sim": 0.058575173219045006,
        "n": 4
      },
      "SN_6": {
        "intra_sim": 0.19030773639678955,
        "n": 3
      },
      "SN_7": {
        "intra_sim": 0.03485016440972686,
        "n": 5
      },
      "SN_8": {
        "intra_sim": 0.04558082087191217,
        "n": 12
      },
      "SN_9": {
        "intra_sim": 0.057135378321011863,
        "n": 4
      },
      "SN_10": {
        "intra_sim": 0.0857752114534378,
        "n": 3
      },
      "SN_11": {
        "intra_sim": 0.038731493055820465,
        "n": 2
      }
    }
  },
  "13": {
    "total": 0.6881317335586841,
    "total_base": 0.6881317335586841,
    "intra_sim": 0.5,
    "dag_safety": 0.641025641025641,
    "flow_balance": 0.7712027857464084,
    "attr_balance": 0.7712027857464084,
    "size_score": 0.9253731343283582,
    "n_middle": 13,
    "n_warnings": 28,
    "inf_conservation": 0.999999909116457,
    "edge_conservation": 0.1548630783758261,
    "details": {
      "SN_0": {
        "intra_sim": 0.020281131379306316,
        "n": 5
      },
      "SN_1": {
        "intra_sim": 0.01391849418481191,
        "n": 3
      },
      "SN_2": {
        "intra_sim": 0.06325157271227339,
        "n": 14
      },
      "SN_3": {
        "intra_sim": 0.14088350161910057,
        "n": 3
      },
      "SN_4": {
        "intra_sim": 0.08978754955913043,
        "n": 9
      },
      "SN_5": {
        "intra_sim": 0.19030773639678955,
        "n": 3
      },
      "SN_6": {
        "intra_sim": 0.028253591852262616,
        "n": 9
      },
      "SN_7": {
        "intra_sim": 0.025220000247160593,
        "n": 6
      },
      "SN_8": {
        "intra_sim": 0.057135378321011863,
        "n": 4
      },
      "SN_9": {
        "intra_sim": 0.0857752114534378,
        "n": 3
      },
      "SN_10": {
        "intra_sim": 0.0904368485013644,
        "n": 3
      },
      "SN_11": {
        "intra_sim": 0.038731493055820465,
        "n": 2
      },
      "SN_12": {
        "intra_sim": 0.008265873727699121,
        "n": 3
      }
    }
  },
  "14": {
    "total": 0.6998787672775368,
    "total_base": 0.6998787672775368,
    "intra_sim": 0.5357142857142857,
    "dag_safety": 0.8021978021978022,
    "flow_balance": 0.6261019150999786,
    "attr_balance": 0.6261019150999786,
    "size_score": 0.9104477611940298,
    "n_middle": 14,
    "n_warnings": 18,
    "inf_conservation": 0.9999999069525648,
    "edge_conservation": 0.14919735599622272,
    "details": {
      "SN_0": {
        "intra_sim": 0.015419204098482927,
        "n": 4
      },
      "SN_1": {
        "intra_sim": 0.020281131379306316,
        "n": 5
      },
      "SN_2": {
        "intra_sim": 0.06270071676311394,
        "n": 16
      },
      "SN_3": {
        "intra_sim": 0.14088350161910057,
        "n": 3
      },
      "SN_4": {
        "intra_sim": 0.03401534482836723,
        "n": 5
      },
      "SN_5": {
        "intra_sim": 0.19030773639678955,
        "n": 3
      },
      "SN_6": {
        "intra_sim": 0.049115588959483876,
        "n": 15
      },
      "SN_7": {
        "intra_sim": 0.057135378321011863,
        "n": 4
      },
      "SN_8": {
        "intra_sim": 0.0857752114534378,
        "n": 3
      },
      "SN_9": {
        "intra_sim": 0.19661475718021393,
        "n": 2
      },
      "SN_10": {
        "intra_sim": 0.038731493055820465,
        "n": 2
      },
      "SN_11": {
        "intra_sim": 0.01752464845776558,
        "n": 2
      },
      "SN_12": {
        "intra_sim": 0.009490498341619968,
        "n": 2
      },
      "SN_13": {
        "intra_sim": 1.0,
        "n": 1
      }
    }
  },
  "15": {
    "total": 0.7083261542079049,
    "total_base": 0.7083261542079049,
    "intra_sim": 0.5666666666666667,
    "dag_safety": 0.7904761904761904,
    "flow_balance": 0.6464105159076676,
    "attr_balance": 0.6464105159076676,
    "size_score": 0.8955223880597015,
    "n_middle": 15,
    "n_warnings": 22,
    "inf_conservation": 0.9999999177720256,
    "edge_conservation": 0.16336166194523122,
    "details": {
      "SN_0": {
        "intra_sim": 0.04868449480146291,
        "n": 24
      },
      "SN_1": {
        "intra_sim": 0.023957067479689915,
        "n": 3
      },
      "SN_2": {
        "intra_sim": 0.017164038804670174,
        "n": 4
      },
      "SN_3": {
        "intra_sim": 0.14088350161910057,
        "n": 3
      },
      "SN_4": {
        "intra_sim": 0.04407528187665674,
        "n": 9
      },
      "SN_5": {
        "intra_sim": 0.0320903155952692,
        "n": 3
      },
      "SN_6": {
        "intra_sim": 0.19030773639678955,
        "n": 3
      },
      "SN_7": {
        "intra_sim": 0.0857752114534378,
        "n": 3
      },
      "SN_8": {
        "intra_sim": 0.057135378321011863,
        "n": 4
      },
      "SN_9": {
        "intra_sim": 0.016975070039431255,
        "n": 3
      },
      "SN_10": {
        "intra_sim": 0.038731493055820465,
        "n": 2
      },
      "SN_11": {
        "intra_sim": 0.19661475718021393,
        "n": 2
      },
      "SN_12": {
        "intra_sim": 0.009490498341619968,
        "n": 2
      },
      "SN_13": {
        "intra_sim": 1.0,
        "n": 1
      },
      "SN_14": {
        "intra_sim": 1.0,
        "n": 1
      }
    }
  }
}