{
  "2": {
    "total": 0.5559348993696511,
    "total_base": 0.5559348993696511,
    "intra_sim": 0.4251884033042427,
    "dag_safety": 1.0,
    "flow_balance": 0.0,
    "attr_balance": 0.0,
    "size_score": 0.8918918918918919,
    "n_middle": 2,
    "n_warnings": 0,
    "inf_conservation": 0.9999999708406782,
    "edge_conservation": 0.07142857142857131,
    "details": {
      "SN_0": {
        "intra_sim": 0.11743467882259874,
        "n": 28
      },
      "SN_1": {
        "intra_sim": 0.2149899342823321,
        "n": 9
      }
    }
  },
  "3": {
    "total": 0.7655919085355575,
    "total_base": 0.7655919085355575,
    "intra_sim": 0.5,
    "dag_safety": 1.0,
    "flow_balance": 0.7272324990070944,
    "attr_balance": 0.7272324990070944,
    "size_score": 0.9189189189189189,
    "n_middle": 3,
    "n_warnings": 0,
    "inf_conservation": 0.9999999254818175,
    "edge_conservation": 0.09966777408637857,
    "details": {
      "SN_0": {
        "intra_sim": 0.1340688279998999,
        "n": 21
      },
      "SN_1": {
        "intra_sim": 0.2149899342823321,
        "n": 9
      },
      "SN_2": {
        "intra_sim": 0.5059090526331038,
        "n": 7
      }
    }
  },
  "4": {
    "total": 0.7709973139409629,
    "total_base": 0.7709973139409629,
    "intra_sim": 0.5,
    "dag_safety": 1.0,
    "flow_balance": 0.7272324990070944,
    "attr_balance": 0.7272324990070944,
    "size_score": 0.9459459459459459,
    "n_middle": 4,
    "n_warnings": 0,
    "inf_conservation": 0.9999999222418989,
    "edge_conservation": 0.13455149501661107,
    "details": {
      "SN_0": {
        "intra_sim": 0.1679064943683425,
        "n": 18
      },
      "SN_1": {
        "intra_sim": 0.35179949924349785,
        "n": 4
      },
      "SN_2": {
        "intra_sim": 0.24045833661408064,
        "n": 8
      },
      "SN_3": {
        "intra_sim": 0.5059090526331038,
        "n": 7
      }
    }
  },
  "5": {
    "total": 0.7719424355305609,
    "total_base": 0.7719424355305609,
    "intra_sim": 0.5,
    "dag_safety": 1.0,
    "flow_balance": 0.7093913637438648,
    "attr_balance": 0.7093913637438648,
    "size_score": 0.972972972972973,
    "n_middle": 5,
    "n_warnings": 0,
    "inf_conservation": 0.9999999157620617,
    "edge_conservation": 0.16777408637873725,
    "details": {
      "SN_0": {
        "intra_sim": 0.16626787575521684,
        "n": 7
      },
      "SN_1": {
        "intra_sim": 0.23039588490808074,
        "n": 14
      },
      "SN_2": {
        "intra_sim": 0.35179949924349785,
        "n": 4
      },
      "SN_3": {
        "intra_sim": 0.39896445802005476,
        "n": 5
      },
      "SN_4": {
        "intra_sim": 0.5059090526331038,
        "n": 7
      }
    }
  },
  "6": {
    "total": 0.7439872713764557,
    "total_base": 0.7439872713764557,
    "intra_sim": 0.5833333333333333,
    "dag_safety": 1.0,
    "flow_balance": 0.4759490855058234,
    "attr_balance": 0.4759490855058234,
    "size_score": 1.0,
    "n_middle": 6,
    "n_warnings": 0,
    "inf_conservation": 0.9999999254818175,
    "edge_conservation": 0.18604651162790667,
    "details": {
      "SN_0": {
        "intra_sim": 0.36599802412092686,
        "n": 4
      },
      "SN_1": {
        "intra_sim": 0.25033065892803746,
        "n": 13
      },
      "SN_2": {
        "intra_sim": 0.439406822125117,
        "n": 3
      },
      "SN_3": {
        "intra_sim": 0.29006275460124015,
        "n": 5
      },
      "SN_4": {
        "intra_sim": 0.39896445802005476,
        "n": 5
      },
      "SN_5": {
        "intra_sim": 0.5059090526331038,
        "n": 7
      }
    }
  }
}