{
  "6": {
    "total": 0.8404601705304433,
    "total_base": 0.8404601705304433,
    "intra_sim": 0.6666666666666667,
    "dag_safety": 1.0,
    "flow_balance": 0.7857212791366986,
    "attr_balance": 0.7857212791366986,
    "size_score": 0.9701492537313433,
    "n_middle": 6,
    "n_warnings": 0,
    "inf_conservation": 0.9999999610498687,
    "edge_conservation": 0.04627006610009439,
    "details": {
      "SN_0": {
        "intra_sim": 0.37428372373882063,
        "n": 16
      },
      "SN_1": {
        "intra_sim": 0.22819364070892334,
        "n": 2
      },
      "SN_2": {
        "intra_sim": 0.6472042798995972,
        "n": 2
      },
      "SN_3": {
        "intra_sim": 0.28278073970457723,
        "n": 42
      },
      "SN_4": {
        "intra_sim": 0.6666666666666666,
        "n": 3
      },
      "SN_5": {
        "intra_sim": 0.5095280408859253,
        "n": 2
      }
    }
  },
  "7": {
    "total": 0.7971370123988635,
    "total_base": 0.7971370123988635,
    "intra_sim": 0.6428571428571428,
    "dag_safety": 0.9523809523809523,
    "flow_balance": 0.6766788242933928,
    "attr_balance": 0.6766788242933928,
    "size_score": 0.9850746268656716,
    "n_middle": 7,
    "n_warnings": 1,
    "inf_conservation": 0.9999998052496336,
    "edge_conservation": 0.05949008498583564,
    "details": {
      "SN_0": {
        "intra_sim": 0.37428372373882063,
        "n": 16
      },
      "SN_1": {
        "intra_sim": 0.22819364070892334,
        "n": 2
      },
      "SN_2": {
        "intra_sim": 0.6472042798995972,
        "n": 2
      },
      "SN_3": {
        "intra_sim": 0.4835389451389866,
        "n": 21
      },
      "SN_4": {
        "intra_sim": 0.6666666666666666,
        "n": 3
      },
      "SN_5": {
        "intra_sim": 0.5095280408859253,
        "n": 2
      },
      "SN_6": {
        "intra_sim": 0.4319964656405362,
        "n": 21
      }
    }
  },
  "8": {
    "total": 0.7319355554850446,
    "total_base": 0.7319355554850446,
    "intra_sim": 0.625,
    "dag_safety": 0.9285714285714286,
    "flow_balance": 0.4491707933687495,
    "attr_balance": 0.4491707933687495,
    "size_score": 1.0,
    "n_middle": 8,
    "n_warnings": 2,
    "inf_conservation": 0.9999998398719081,
    "edge_conservation": 0.07082152974504244,
    "details": {
      "SN_0": {
        "intra_sim": 0.37428372373882063,
        "n": 16
      },
      "SN_1": {
        "intra_sim": 0.22819364070892334,
        "n": 2
      },
      "SN_2": {
        "intra_sim": 0.6472042798995972,
        "n": 2
      },
      "SN_3": {
        "intra_sim": 0.4756565143221191,
        "n": 22
      },
      "SN_4": {
        "intra_sim": 0.6666666666666666,
        "n": 3
      },
      "SN_5": {
        "intra_sim": 0.5095280408859253,
        "n": 2
      },
      "SN_6": {
        "intra_sim": 0.63505265153501,
        "n": 15
      },
      "SN_7": {
        "intra_sim": 0.4244623888283968,
        "n": 5
      }
    }
  },
  "9": {
    "total": 0.8170131241938476,
    "total_base": 0.8170131241938476,
    "intra_sim": 0.7222222222222222,
    "dag_safety": 0.9444444444444444,
    "flow_balance": 0.668881684171742,
    "attr_balance": 0.668881684171742,
    "size_score": 0.9850746268656716,
    "n_middle": 9,
    "n_warnings": 2,
    "inf_conservation": 0.9999998398719081,
    "edge_conservation": 0.08120868744098199,
    "details": {
      "SN_0": {
        "intra_sim": 0.37428372373882063,
        "n": 16
      },
      "SN_1": {
        "intra_sim": 0.22819364070892334,
        "n": 2
      },
      "SN_2": {
        "intra_sim": 0.6472042798995972,
        "n": 2
      },
      "SN_3": {
        "intra_sim": 0.4756565143221191,
        "n": 22
      },
      "SN_4": {
        "intra_sim": 0.6666666666666666,
        "n": 3
      },
      "SN_5": {
        "intra_sim": 0.5095280408859253,
        "n": 2
      },
      "SN_6": {
        "intra_sim": 0.7229374409704418,
        "n": 14
      },
      "SN_7": {
        "intra_sim": 0.6818676094214121,
        "n": 4
      },
      "SN_8": {
        "intra_sim": 0.32240772247314453,
        "n": 2
      }
    }
  },
  "10": {
    "total": 0.8482152588392898,
    "total_base": 0.8482152588392898,
    "intra_sim": 0.7,
    "dag_safety": 0.9777777777777777,
    "flow_balance": 0.7989638545943067,
    "attr_balance": 0.7989638545943067,
    "size_score": 0.9701492537313433,
    "n_middle": 10,
    "n_warnings": 1,
    "inf_conservation": 0.9999998701663982,
    "edge_conservation": 0.09442870632672325,
    "details": {
      "SN_0": {
        "intra_sim": 0.4341809193914135,
        "n": 12
      },
      "SN_1": {
        "intra_sim": 0.22819364070892334,
        "n": 2
      },
      "SN_2": {
        "intra_sim": 0.6472042798995972,
        "n": 2
      },
      "SN_3": {
        "intra_sim": 0.3731062077702238,
        "n": 14
      },
      "SN_4": {
        "intra_sim": 0.6666666666666666,
        "n": 3
      },
      "SN_5": {
        "intra_sim": 0.5095280408859253,
        "n": 2
      },
      "SN_6": {
        "intra_sim": 0.7532160966233774,
        "n": 12
      },
      "SN_7": {
        "intra_sim": 0.7398399990256671,
        "n": 14
      },
      "SN_8": {
        "intra_sim": 0.6818676094214121,
        "n": 4
      },
      "SN_9": {
        "intra_sim": 0.32240772247314453,
        "n": 2
      }
    }
  }
}