{
  "graph_name": "clt-hp-p08-fact-the-capital-of-20260424-171241-030870_prune_graph",
  "dataset": "clt-hp",
  "graph_path": "/workspace/demos/subgraph/clt-hp/clt-hp-p08-fact-the-capital-of-20260424-171241-030870_prune_graph.pt",
  "method": "ours-arith-cos-node",
  "method_family": "ours",
  "mean_method": "arith",
  "normalization": "cos",
  "similarity_mode": "node",
  "best_k": 4,
  "auto_k_candidates": 3,
  "n_supernodes": 18,
  "total": 0.9116308472621861,
  "total_base": 0.9116308472621861,
  "intra_sim": 0.875,
  "dag_safety": 1.0,
  "attr_balance": 0.8536662461916016,
  "size_score": 0.9285714285714286,
  "n_middle": 4,
  "n_warnings": 0,
  "inf_conservation": 0.9999999999999372,
  "edge_conservation": 0.3624161073825479,
  "within_cluster_weighted_edge_cosine_mean": 0.4175825762081455,
  "F_phi": 0.6278530438699952,
  "path_score": 0.8890376665120218,
  "residual_score": 0.0,
  "shortcut_score": 0.9074599242172882,
  "D_phi": 0.11096233348797824,
  "R_phi": 4.9520010787105955,
  "R_phi_balance": 4.9520010787105955,
  "R_phi_suppressive": 0.0,
  "R_phi_max": 9.35111329351512,
  "shortcut_frac": 0.09254007578271181,
  "sigma_phi": 0.09254007578271181,
  "top_k_frac": 0.8890376665120218,
  "n_paths": 41,
  "n_shortcuts": 6,
  "n_direct": 24,
  "n_suppressive": 0,
  "n_balanced": 4,
  "result_path": "/workspace/eval_outputs/clustering/runs/clt-hp-p08-fact-the-capital-of-20260424-171241-030870_prune_graph/ours-arith-cos-node/result.json",
  "supernode_map_path": "/workspace/eval_outputs/clustering/runs/clt-hp-p08-fact-the-capital-of-20260424-171241-030870_prune_graph/ours-arith-cos-node/supernode_map.json",
  "auto_k_sweep_path": "/workspace/eval_outputs/clustering/runs/clt-hp-p08-fact-the-capital-of-20260424-171241-030870_prune_graph/ours-arith-cos-node/auto_k_sweep.json",
  "flow_report_path": "/workspace/eval_outputs/clustering/runs/clt-hp-p08-fact-the-capital-of-20260424-171241-030870_prune_graph/ours-arith-cos-node/flow_report.json",
  "final_supernodes": {
    "SN_0": [
      "14_66317_13",
      "15_49329_13",
      "15_95054_13",
      "17_1822_13",
      "18_45367_13",
      "18_53951_13"
    ],
    "SN_1": [
      "18_25768_13",
      "19_16402_13",
      "19_24018_13"
    ],
    "SN_2": [
      "19_54790_13",
      "21_84338_13"
    ],
    "SN_3": [
      "21_37152_13",
      "22_42360_13",
      "22_56784_13"
    ],
    "SN_EMB_0": [
      "E_2_0"
    ],
    "SN_EMB_1": [
      "E_18143_1"
    ],
    "SN_EMB_2": [
      "E_714_3"
    ],
    "SN_EMB_3": [
      "E_6037_4"
    ],
    "SN_EMB_4": [
      "E_576_5"
    ],
    "SN_EMB_5": [
      "E_573_6"
    ],
    "SN_EMB_6": [
      "E_2329_7"
    ],
    "SN_EMB_7": [
      "E_1570_8"
    ],
    "SN_EMB_8": [
      "E_62765_9"
    ],
    "SN_EMB_9": [
      "E_11394_10"
    ],
    "SN_EMB_10": [
      "E_603_11"
    ],
    "SN_EMB_11": [
      "E_7023_12"
    ],
    "SN_EMB_12": [
      "E_603_13"
    ],
    "SN_LOGIT_0": [
      "27_3250_13"
    ]
  },
  "score_details": {
    "SN_0": {
      "intra_sim": 0.46015027165412903,
      "n": 6
    },
    "SN_1": {
      "intra_sim": 0.932649552822113,
      "n": 3
    },
    "SN_2": {
      "intra_sim": 0.9704257249832153,
      "n": 2
    },
    "SN_3": {
      "intra_sim": 0.836451252301534,
      "n": 3
    }
  },
  "flow_report": {
    "path_decomposition": {
      "paths": [
        {
          "path": [
            "SN_EMB_12",
            "SN_LOGIT_0"
          ],
          "flow": 17.25,
          "frac": 0.49683402944602567,
          "length": 2
        },
        {
          "path": [
            "SN_EMB_9",
            "SN_LOGIT_0"
          ],
          "flow": 2.9375,
          "frac": 0.0846057948694319,
          "length": 2
        },
        {
          "path": [
            "SN_EMB_8",
            "SN_LOGIT_0"
          ],
          "flow": 2.328125,
          "frac": 0.06705459274226253,
          "length": 2
        },
        {
          "path": [
            "SN_EMB_6",
            "SN_LOGIT_0"
          ],
          "flow": 1.90625,
          "frac": 0.05490376050037602,
          "length": 2
        },
        {
          "path": [
            "SN_EMB_8",
            "SN_1",
            "SN_LOGIT_0"
          ],
          "flow": 1.8678329065733013,
          "frac": 0.05379727242346059,
          "length": 3
        },
        {
          "path": [
            "SN_EMB_2",
            "SN_LOGIT_0"
          ],
          "flow": 1.78125,
          "frac": 0.051303513910187434,
          "length": 2
        },
        {
          "path": [
            "SN_EMB_6",
            "SN_0",
            "SN_LOGIT_0"
          ],
          "flow": 0.7376654560459468,
          "frac": 0.02124622034263466,
          "length": 3
        },
        {
          "path": [
            "SN_EMB_3",
            "SN_2",
            "SN_LOGIT_0"
          ],
          "flow": 0.6963996763754046,
          "frac": 0.020057684482231913,
          "length": 3
        },
        {
          "path": [
            "SN_EMB_6",
            "SN_1",
            "SN_LOGIT_0"
          ],
          "flow": 0.690351059123766,
          "frac": 0.019883472373147373,
          "length": 3
        },
        {
          "path": [
            "SN_EMB_4",
            "SN_LOGIT_0"
          ],
          "flow": 0.671875,
          "frac": 0.01935132542226368,
          "length": 2
        }
      ],
      "total_flow": 34.71984400753186,
      "n_paths": 41,
      "concentration": {
        "1": 0.49683402944602567,
        "2": 0.5814398243154576,
        "3": 0.64849441705772,
        "4": 0.7033981775580961,
        "5": 0.7571954499815567,
        "6": 0.8084989638917441,
        "7": 0.8297451842343788,
        "8": 0.8498028687166106,
        "9": 0.8696863410897581,
        "10": 0.8890376665120218,
        "11": 0.9038886836965496,
        "12": 0.9168387898386691,
        "13": 0.9292146375385759,
        "14": 0.9407380135730136,
        "15": 0.9509270609617512,
        "16": 0.960845089590532,
        "17": 0.9704573984478317,
        "18": 0.9767792274204157,
        "19": 0.9815797170964247,
        "20": 0.9847849578814569,
        "21": 0.9874852719253636,
        "22": 0.9892595329529335,
        "23": 0.9908877543101863
      },
      "D_phi": 0.11096233348797824,
      "top_k": 10,
      "top_k_frac": 0.8890376665120218
    },
    "local_residuals": {
      "per_sn": {
        "SN_0": {
          "in_flow_pos": 1.3951985538005829,
          "in_flow_neg": -1.8435953743755817,
          "in_flow_net": -0.44839682057499886,
          "out_flow_pos": 0.9360188990831375,
          "out_flow_neg": 0.0,
          "inf_exit": 2.80859375,
          "total_out": 3.7446126490831375,
          "residual_abs": 4.193009469658136,
          "residual_rel": 9.35111329351512,
          "balance": -4.193009469658136,
          "is_suppressive": false,
          "suppression_rel": null
        },
        "SN_1": {
          "in_flow_pos": 2.7762206690385938,
          "in_flow_neg": -1.46142578125,
          "in_flow_net": 1.3147948877885938,
          "out_flow_pos": 2.332226574420929,
          "out_flow_neg": -0.213134765625,
          "inf_exit": 5.15625,
          "total_out": 7.275341808795929,
          "residual_abs": 5.960546921007335,
          "residual_rel": 4.5334424223599505,
          "balance": -5.960546921007335,
          "is_suppressive": false,
          "suppression_rel": null
        },
        "SN_2": {
          "in_flow_pos": 1.35009765625,
          "in_flow_neg": -1.967041015625,
          "in_flow_net": -0.616943359375,
          "out_flow_pos": 0.779296875,
          "out_flow_neg": 0.0,
          "inf_exit": 1.03125,
          "total_out": 1.810546875,
          "residual_abs": 2.427490234375,
          "residual_rel": 3.9347051840062854,
          "balance": -2.427490234375,
          "is_suppressive": false,
          "suppression_rel": null
        },
        "SN_3": {
          "in_flow_pos": 1.734700545668602,