{
  "2": {
    "total": 0.8447226612608677,
    "total_base": 0.8447226612608677,
    "intra_sim": 0.5935465517869527,
    "dag_safety": 1.0,
    "flow_balance": 0.9199681162324611,
    "attr_balance": 0.9199681162324611,
    "size_score": 0.9333333333333333,
    "n_middle": 2,
    "n_warnings": 0,
    "inf_conservation": 0.9999999999999208,
    "edge_conservation": 0.09677419354838607,
    "details": {
      "SN_0": {
        "intra_sim": 0.44224505079063503,
        "n": 11
      },
      "SN_1": {
        "intra_sim": 0.594942033290863,
        "n": 4
      }
    }
  },
  "3": {
    "total": 0.8528167029383467,
    "total_base": 0.8528167029383467,
    "intra_sim": 0.7918702844643011,
    "dag_safety": 0.6666666666666667,
    "flow_balance": 0.9943558037295586,
    "attr_balance": 0.9943558037295586,
    "size_score": 1.0,
    "n_middle": 3,
    "n_warnings": 1,
    "inf_conservation": 0.9999999999999208,
    "edge_conservation": 0.15053763440860055,
    "details": {
      "SN_0": {
        "intra_sim": 0.5659850269556046,
        "n": 5
      },
      "SN_1": {
        "intra_sim": 0.581479944785436,
        "n": 6
      },
      "SN_2": {
        "intra_sim": 0.594942033290863,
        "n": 4
      }
    }
  },
  "4": {
    "total": 0.9732772455463711,
    "total_base": 0.9732772455463711,
    "intra_sim": 0.9879381455206239,
    "dag_safety": 1.0,
    "flow_balance": 0.9609165408940692,
    "attr_balance": 0.9609165408940692,
    "size_score": 0.9333333333333333,
    "n_middle": 4,
    "n_warnings": 0,
    "inf_conservation": 0.9999999999999208,
    "edge_conservation": 0.20430107526881502,
    "details": {
      "SN_0": {
        "intra_sim": 0.4158831238746643,
        "n": 2
      },
      "SN_1": {
        "intra_sim": 0.6479091107845306,
        "n": 5
      },
      "SN_2": {
        "intra_sim": 0.6481358806292216,
        "n": 4
      },
      "SN_3": {
        "intra_sim": 0.594942033290863,
        "n": 4
      }
    }
  }
}