{
  "3": {
    "total": 0.6519892005006787,
    "total_base": 0.6519892005006787,
    "intra_sim": 0.6666666666666667,
    "dag_safety": 1.0,
    "flow_balance": 0.0728216668675796,
    "attr_balance": 0.0728216668675796,
    "size_score": 0.9189189189189189,
    "n_middle": 3,
    "n_warnings": 0,
    "inf_conservation": 0.9999999198119599,
    "edge_conservation": 0.07641196013289024,
    "details": {
      "SN_0": {
        "intra_sim": 0.7558237910270691,
        "n": 2
      },
      "SN_1": {
        "intra_sim": 0.10294825554074026,
        "n": 28
      },
      "SN_2": {
        "intra_sim": 0.45756873803301934,
        "n": 7
      }
    }
  },
  "4": {
    "total": 0.786671035321312,
    "total_base": 0.786671035321312,
    "intra_sim": 0.625,
    "dag_safety": 1.0,
    "flow_balance": 0.6399273845284912,
    "attr_balance": 0.6399273845284912,
    "size_score": 0.9459459459459459,
    "n_middle": 4,
    "n_warnings": 0,
    "inf_conservation": 0.9999999206219397,
    "edge_conservation": 0.11129568106312274,
    "details": {
      "SN_0": {
        "intra_sim": 0.7558237910270691,
        "n": 2
      },
      "SN_1": {
        "intra_sim": 0.20189903104411705,
        "n": 7
      },
      "SN_2": {
        "intra_sim": 0.15296341964441174,
        "n": 20
      },
      "SN_3": {
        "intra_sim": 0.3882153233446713,
        "n": 8
      }
    }
  },
  "5": {
    "total": 0.784576436379105,
    "total_base": 0.784576436379105,
    "intra_sim": 0.6,
    "dag_safety": 1.0,
    "flow_balance": 0.6399273671380419,
    "attr_balance": 0.6399273671380419,
    "size_score": 0.972972972972973,
    "n_middle": 5,
    "n_warnings": 0,
    "inf_conservation": 0.9999999335816141,
    "edge_conservation": 0.14784053156146154,
    "details": {
      "SN_0": {
        "intra_sim": 0.7558237910270691,
        "n": 2
      },
      "SN_1": {
        "intra_sim": 0.20189903104411705,
        "n": 7
      },
      "SN_2": {
        "intra_sim": 0.22015400541719524,
        "n": 16
      },
      "SN_3": {
        "intra_sim": 0.13465337424228588,
        "n": 4
      },
      "SN_4": {
        "intra_sim": 0.3882153233446713,
        "n": 8
      }
    }
  },
  "6": {
    "total": 0.7169257240559674,
    "total_base": 0.7169257240559674,
    "intra_sim": 0.5833333333333333,
    "dag_safety": 0.8666666666666667,
    "flow_balance": 0.5010362295572037,
    "attr_balance": 0.5010362295572037,
    "size_score": 1.0,
    "n_middle": 6,
    "n_warnings": 2,
    "inf_conservation": 0.9999999530211258,
    "edge_conservation": 0.18604651162790667,
    "details": {
      "SN_0": {
        "intra_sim": 0.7558237910270691,
        "n": 2
      },
      "SN_1": {
        "intra_sim": 0.21710331023981175,
        "n": 6
      },
      "SN_2": {
        "intra_sim": 0.2979591130659593,
        "n": 13
      },
      "SN_3": {
        "intra_sim": 0.13465337424228588,
        "n": 4
      },
      "SN_4": {
        "intra_sim": 0.38624311486879986,
        "n": 4
      },
      "SN_5": {
        "intra_sim": 0.3882153233446713,
        "n": 8
      }
    }
  },
  "7": {
    "total": 0.7275884966181665,
    "total_base": 0.7275884966181665,
    "intra_sim": 0.6428571428571428,
    "dag_safety": 0.9047619047619048,
    "flow_balance": 0.4557851319038115,
    "attr_balance": 0.4557851319038115,
    "size_score": 0.972972972972973,
    "n_middle": 7,
    "n_warnings": 2,
    "inf_conservation": 0.9999999514011665,
    "edge_conservation": 0.21926910299003285,
    "details": {
      "SN_0": {
        "intra_sim": 0.7558237910270691,
        "n": 2
      },
      "SN_1": {
        "intra_sim": 0.21710331023981175,
        "n": 6
      },
      "SN_2": {
        "intra_sim": 0.351077544756911,
        "n": 11
      },
      "SN_3": {
        "intra_sim": 0.13465337424228588,
        "n": 4
      },
      "SN_4": {
        "intra_sim": 0.38624311486879986,
        "n": 4
      },
      "SN_5": {
        "intra_sim": 1.0,
        "n": 2
      },
      "SN_6": {
        "intra_sim": 0.3882153233446713,
        "n": 8
      }
    }
  }
}