{
  "7": {
    "total": 0.7604376764508878,
    "total_base": 0.7604376764508878,
    "intra_sim": 0.5714285714285714,
    "dag_safety": 0.9047619047619048,
    "flow_balance": 0.6728961369489823,
    "attr_balance": 0.6728961369489823,
    "size_score": 0.972972972972973,
    "n_middle": 7,
    "n_warnings": 2,
    "inf_conservation": 0.9999999254818175,
    "edge_conservation": 0.2109634551495013,
    "details": {
      "SN_0": {
        "intra_sim": 0.7558237910270691,
        "n": 2
      },
      "SN_1": {
        "intra_sim": 0.15173848522577568,
        "n": 8
      },
      "SN_2": {
        "intra_sim": 0.27477506087679004,
        "n": 9
      },
      "SN_3": {
        "intra_sim": 0.2545923242966334,
        "n": 3
      },
      "SN_4": {
        "intra_sim": 0.17047342493509252,
        "n": 6
      },
      "SN_5": {
        "intra_sim": 0.24892767371299365,
        "n": 4
      },
      "SN_6": {
        "intra_sim": 0.2825082367286086,
        "n": 5
      }
    }
  },
  "8": {
    "total": 0.8090593213028912,
    "total_base": 0.8090593213028912,
    "intra_sim": 0.5625,
    "dag_safety": 0.9642857142857143,
    "flow_balance": 0.8401948141690934,
    "attr_balance": 0.8401948141690934,
    "size_score": 0.9459459459459459,
    "n_middle": 8,
    "n_warnings": 1,
    "inf_conservation": 0.999999938441492,
    "edge_conservation": 0.24252491694352118,
    "details": {
      "SN_0": {
        "intra_sim": 0.7558237910270691,
        "n": 2
      },
      "SN_1": {
        "intra_sim": 0.21710331023981175,
        "n": 6
      },
      "SN_2": {
        "intra_sim": 0.44980505561688916,
        "n": 5
      },
      "SN_3": {
        "intra_sim": 0.2545923242966334,
        "n": 3
      },
      "SN_4": {
        "intra_sim": 0.3221648251016935,
        "n": 6
      },
      "SN_5": {
        "intra_sim": 0.17047342493509252,
        "n": 6
      },
      "SN_6": {
        "intra_sim": 0.24892767371299365,
        "n": 4
      },
      "SN_7": {
        "intra_sim": 0.2825082367286086,
        "n": 5
      }
    }
  },
  "9": {
    "total": 0.8034458910436865,
    "total_base": 0.8034458910436865,
    "intra_sim": 0.6111111111111112,
    "dag_safety": 0.9722222222222222,
    "flow_balance": 0.7730928734840551,
    "attr_balance": 0.7730928734840551,
    "size_score": 0.9189189189189189,
    "n_middle": 9,
    "n_warnings": 1,
    "inf_conservation": 0.9999999368215327,
    "edge_conservation": 0.27076411960132846,
    "details": {
      "SN_0": {
        "intra_sim": 0.7558237910270691,
        "n": 2
      },
      "SN_1": {
        "intra_sim": 0.44541682054599124,
        "n": 3
      },
      "SN_2": {
        "intra_sim": 0.3496260344982147,
        "n": 3
      },
      "SN_3": {
        "intra_sim": 0.44980505561688916,
        "n": 5
      },
      "SN_4": {
        "intra_sim": 0.2545923242966334,
        "n": 3
      },
      "SN_5": {
        "intra_sim": 0.3221648251016935,
        "n": 6
      },
      "SN_6": {
        "intra_sim": 0.17047342493509252,
        "n": 6
      },
      "SN_7": {
        "intra_sim": 0.24892767371299365,
        "n": 4
      },
      "SN_8": {
        "intra_sim": 0.2825082367286086,
        "n": 5
      }
    }
  },
  "10": {
    "total": 0.7960960411938365,
    "total_base": 0.7960960411938365,
    "intra_sim": 0.6,
    "dag_safety": 0.9777777777777777,
    "flow_balance": 0.7730928734840551,
    "attr_balance": 0.7730928734840551,
    "size_score": 0.8918918918918919,
    "n_middle": 10,
    "n_warnings": 1,
    "inf_conservation": 0.9999999433013699,
    "edge_conservation": 0.3156146179401988,
    "details": {
      "SN_0": {
        "intra_sim": 0.7558237910270691,
        "n": 2
      },
      "SN_1": {
        "intra_sim": 0.44541682054599124,
        "n": 3
      },
      "SN_2": {
        "intra_sim": 0.3496260344982147,
        "n": 3
      },
      "SN_3": {
        "intra_sim": 0.44980505561688916,
        "n": 5
      },
      "SN_4": {
        "intra_sim": 0.2545923242966334,
        "n": 3
      },
      "SN_5": {
        "intra_sim": 0.3221648251016935,
        "n": 6
      },
      "SN_6": {
        "intra_sim": 0.2983940839767456,
        "n": 2
      },
      "SN_7": {
        "intra_sim": 0.23088005270498493,
        "n": 4
      },
      "SN_8": {
        "intra_sim": 0.24892767371299365,
        "n": 4
      },
      "SN_9": {
        "intra_sim": 0.2825082367286086,
        "n": 5
      }
    }
  },
  "11": {
    "total": 0.8061970197813076,
    "total_base": 0.8061970197813076,
    "intra_sim": 0.6363636363636364,
    "dag_safety": 0.9818181818181818,
    "flow_balance": 0.7874416417787932,
    "attr_balance": 0.7874416417787932,
    "size_score": 0.8648648648648649,
    "n_middle": 11,
    "n_warnings": 1,
    "inf_conservation": 0.9999999465412885,
    "edge_conservation": 0.34717607973421866,
    "details": {
      "SN_0": {
        "intra_sim": 0.7558237910270691,
        "n": 2
      },
      "SN_1": {
        "intra_sim": 0.44541682054599124,
        "n": 3
      },
      "SN_2": {
        "intra_sim": 0.3496260344982147,
        "n": 3
      },
      "SN_3": {
        "intra_sim": 0.44980505561688916,
        "n": 5
      },
      "SN_4": {
        "intra_sim": 0.2545923242966334,
        "n": 3
      },
      "SN_5": {
        "intra_sim": 0.6613753736019135,
        "n": 3
      },
      "SN_6": {
        "intra_sim": 0.2587236861387889,
        "n": 3
      },
      "SN_7": {
        "intra_sim": 0.2983940839767456,
        "n": 2
      },
      "SN_8": {
        "intra_sim": 0.23088005270498493,
        "n": 4
      },
      "SN_9": {
        "intra_sim": 0.24892767371299365,
        "n": 4
      },
      "SN_10": {
        "intra_sim": 0.2825082367286086,
        "n": 5
      }
    }
  }
}