{
  "2": {
    "total": 0.5472832149785278,
    "total_base": 0.5472832149785278,
    "intra_sim": 0.3810149719142416,
    "dag_safety": 1.0,
    "flow_balance": 0.0,
    "attr_balance": 0.0,
    "size_score": 0.9148936170212766,
    "n_middle": 2,
    "n_warnings": 0,
    "inf_conservation": 0.9999999999999398,
    "edge_conservation": 0.024663677130044786,
    "details": {
      "SN_0": {
        "intra_sim": 0.28548627561708295,
        "n": 23
      },
      "SN_1": {
        "intra_sim": 0.28260117140598595,
        "n": 24
      }
    }
  },
  "3": {
    "total": 0.72160846480872,
    "total_base": 0.72160846480872,
    "intra_sim": 0.463922486159936,
    "dag_safety": 1.0,
    "flow_balance": 0.5807907056301908,
    "attr_balance": 0.5807907056301908,
    "size_score": 0.9361702127659575,
    "n_middle": 3,
    "n_warnings": 0,
    "inf_conservation": 0.9999998275620054,
    "edge_conservation": 0.03811659192825104,
    "details": {
      "SN_0": {
        "intra_sim": 0.2852550345265047,
        "n": 24
      },
      "SN_1": {
        "intra_sim": 0.39298927467247907,
        "n": 17
      },
      "SN_2": {
        "intra_sim": 0.4543808251619339,
        "n": 6
      }
    }
  },
  "4": {
    "total": 0.7382118982398759,
    "total_base": 0.7382118982398759,
    "intra_sim": 0.5,
    "dag_safety": 0.8333333333333334,
    "flow_balance": 0.7535568128176591,
    "attr_balance": 0.7535568128176591,
    "size_score": 0.9574468085106383,
    "n_middle": 4,
    "n_warnings": 1,
    "inf_conservation": 0.9999997126033825,
    "edge_conservation": 0.05156950672645728,
    "details": {
      "SN_0": {
        "intra_sim": 0.4116839121140185,
        "n": 15
      },
      "SN_1": {
        "intra_sim": 0.24340761470693079,
        "n": 11
      },
      "SN_2": {
        "intra_sim": 0.45274660727009175,
        "n": 15
      },
      "SN_3": {
        "intra_sim": 0.4543808251619339,
        "n": 6
      }
    }
  },
  "5": {
    "total": 0.757131381583229,
    "total_base": 0.757131381583229,
    "intra_sim": 0.5,
    "dag_safety": 0.8,
    "flow_balance": 0.8455468029286607,
    "attr_balance": 0.8455468029286607,
    "size_score": 0.9787234042553191,
    "n_middle": 5,
    "n_warnings": 2,
    "inf_conservation": 0.9999999712602841,
    "edge_conservation": 0.06726457399103124,
    "details": {
      "SN_0": {
        "intra_sim": 0.4404924181068227,
        "n": 7
      },
      "SN_1": {
        "intra_sim": 0.36344205604768115,
        "n": 20
      },
      "SN_2": {
        "intra_sim": 0.30187590171893436,
        "n": 4
      },
      "SN_3": {
        "intra_sim": 0.5026309687644244,
        "n": 5
      },
      "SN_4": {
        "intra_sim": 0.5162054964341223,
        "n": 11
      }
    }
  },
  "6": {
    "total": 0.8441778740308064,
    "total_base": 0.8441778740308064,
    "intra_sim": 0.5833333333333333,
    "dag_safety": 1.0,
    "flow_balance": 0.8767114961232259,
    "attr_balance": 0.8767114961232259,
    "size_score": 1.0,
    "n_middle": 6,
    "n_warnings": 0,
    "inf_conservation": 0.9999999712602841,
    "edge_conservation": 0.0852017937219729,
    "details": {
      "SN_0": {
        "intra_sim": 0.4575774971395731,
        "n": 6
      },
      "SN_1": {
        "intra_sim": 0.4845370414083476,
        "n": 14
      },
      "SN_2": {
        "intra_sim": 0.30187590171893436,
        "n": 4
      },
      "SN_3": {
        "intra_sim": 0.43377899461521363,
        "n": 13
      },
      "SN_4": {
        "intra_sim": 0.5590062321474155,
        "n": 4
      },
      "SN_5": {
        "intra_sim": 0.6666551649570465,
        "n": 6
      }
    }
  }
}