{
  "graph_name": "gemmascope-transcoder-16k-p05-fact-the-language-spoken-20260424-173930-964822_prune_graph",
  "dataset": "gemmascope-transcoder-16k",
  "graph_path": "/workspace/demos/subgraph/gemmascope-transcoder-16k/gemmascope-transcoder-16k-p05-fact-the-language-spoken-20260424-173930-964822_prune_graph.pt",
  "method": "ours-arith-cos_relu-node",
  "method_family": "ours",
  "mean_method": "arith",
  "normalization": "cos_relu",
  "similarity_mode": "node",
  "best_k": 6,
  "auto_k_candidates": 5,
  "n_supernodes": 10,
  "total": 0.8441778740308064,
  "total_base": 0.8441778740308064,
  "intra_sim": 0.5833333333333333,
  "dag_safety": 1.0,
  "attr_balance": 0.8767114961232259,
  "size_score": 1.0,
  "n_middle": 6,
  "n_warnings": 0,
  "inf_conservation": 0.9999999712602841,
  "edge_conservation": 0.0852017937219729,
  "within_cluster_weighted_edge_cosine_mean": 0.3488185057042108,
  "F_phi": 0.9096750767330282,
  "path_score": 0.9811125317224,
  "residual_score": 0.8333185822250777,
  "shortcut_score": 0.8907816312551493,
  "D_phi": 0.018887468277600017,
  "R_phi": 0.16668141777492232,
  "R_phi_balance": 0.16668141777492232,
  "R_phi_suppressive": 0.2740890618785952,
  "R_phi_max": 0.27712084032051143,
  "shortcut_frac": 0.10921836874485075,
  "sigma_phi": 0.10921836874485075,
  "top_k_frac": 0.9811125317224,
  "n_paths": 20,
  "n_shortcuts": 7,
  "n_direct": 24,
  "n_suppressive": 2,
  "n_balanced": 4,
  "result_path": "/workspace/eval_outputs/clustering/runs/gemmascope-transcoder-16k-p05-fact-the-language-spoken-20260424-173930-964822_prune_graph/ours-arith-cos_relu-node/result.json",
  "supernode_map_path": "/workspace/eval_outputs/clustering/runs/gemmascope-transcoder-16k-p05-fact-the-language-spoken-20260424-173930-964822_prune_graph/ours-arith-cos_relu-node/supernode_map.json",
  "auto_k_sweep_path": "/workspace/eval_outputs/clustering/runs/gemmascope-transcoder-16k-p05-fact-the-language-spoken-20260424-173930-964822_prune_graph/ours-arith-cos_relu-node/auto_k_sweep.json",
  "flow_report_path": "/workspace/eval_outputs/clustering/runs/gemmascope-transcoder-16k-p05-fact-the-language-spoken-20260424-173930-964822_prune_graph/ours-arith-cos_relu-node/flow_report.json",
  "final_supernodes": {
    "SN_0": [
      "4_10583_12",
      "6_10660_12",
      "14_10660_12",
      "23_4074_13",
      "24_723_13",
      "25_14538_13"
    ],
    "SN_1": [
      "16_1654_13",
      "17_3437_12",
      "17_14947_13",
      "18_9239_12",
      "18_868_13",
      "18_3724_13",
      "18_8826_13",
      "18_9239_13",
      "19_9990_12",
      "19_9990_13",
      "19_11872_13",
      "20_1194_12",
      "20_1194_13",
      "20_4752_13"
    ],
    "SN_2": [
      "17_3531_13",
      "18_14080_13",
      "19_13366_13",
      "20_12526_13"
    ],
    "SN_3": [
      "20_11695_12",
      "20_7950_13",
      "20_11695_13",
      "21_5251_13",
      "22_4314_13",
      "22_4415_13",
      "22_5277_13",
      "22_10178_13",
      "22_14773_13",
      "23_850_13",
      "23_3269_13",
      "23_7367_13",
      "23_13607_13"
    ],
    "SN_4": [
      "21_12621_13",
      "22_12284_13",
      "22_14724_13",
      "23_7753_13"
    ],
    "SN_5": [
      "23_7979_13",
      "24_410_13",
      "24_4036_13",
      "24_6082_13",
      "25_12021_13",
      "25_12223_13"
    ],
    "SN_EMB_0": [
      "E_5255_4"
    ],
    "SN_EMB_1": [
      "E_22230_5"
    ],
    "SN_EMB_2": [
      "E_22099_12"
    ],
    "SN_LOGIT_0": [
      "27_11430_13"
    ]
  },
  "score_details": {
    "SN_0": {
      "intra_sim": 0.4575774971395731,
      "n": 6
    },
    "SN_1": {
      "intra_sim": 0.4845370414083476,
      "n": 14
    },
    "SN_2": {
      "intra_sim": 0.30187590171893436,
      "n": 4
    },
    "SN_3": {
      "intra_sim": 0.43377899461521363,
      "n": 13
    },
    "SN_4": {
      "intra_sim": 0.5590062321474155,
      "n": 4
    },
    "SN_5": {
      "intra_sim": 0.6666551649570465,
      "n": 6
    }
  },
  "flow_report": {
    "path_decomposition": {
      "paths": [
        {
          "path": [
            "SN_EMB_2",
            "SN_LOGIT_0"
          ],
          "flow": 34.33959197998047,
          "frac": 0.46873213848807566,
          "length": 2
        },
        {
          "path": [
            "SN_EMB_2",
            "SN_1",
            "SN_LOGIT_0"
          ],
          "flow": 8.3471642586243,
          "frac": 0.11393799191141193,
          "length": 3
        },
        {
          "path": [
            "SN_EMB_0",
            "SN_1",
            "SN_LOGIT_0"
          ],
          "flow": 7.268026287569695,
          "frac": 0.09920786206039338,
          "length": 3
        },
        {
          "path": [
            "SN_EMB_2",
            "SN_0",
            "SN_LOGIT_0"
          ],
          "flow": 5.030886714167734,
          "frac": 0.06867112135164138,
          "length": 3
        },
        {
          "path": [
            "SN_EMB_0",
            "SN_4",
            "SN_LOGIT_0"
          ],
          "flow": 4.957243577590819,
          "frac": 0.06766589959732379,
          "length": 3
        },
        {
          "path": [
            "SN_EMB_1",
            "SN_4",
            "SN_LOGIT_0"
          ],
          "flow": 3.4847044709912973,
          "frac": 0.04756588196036097,
          "length": 3
        },
        {
          "path": [
            "SN_EMB_0",
            "SN_2",
            "SN_4",
            "SN_LOGIT_0"
          ],
          "flow": 3.341903181981553,
          "frac": 0.0456166580553299,
          "length": 4
        },
        {
          "path": [
            "SN_EMB_2",
            "SN_0",
            "SN_1",
            "SN_LOGIT_0"
          ],
          "flow": 2.170613907074582,
          "frac": 0.029628671741008982,
          "length": 4
        },
        {
          "path": [
            "SN_EMB_0",
            "SN_0",
            "SN_LOGIT_0"
          ],
          "flow": 1.5168911512283059,
          "frac": 0.020705418794241807,
          "length": 3
        },
        {
          "path": [
            "SN_EMB_1",
            "SN_2",
            "SN_4",
            "SN_LOGIT_0"
          ],
          "flow": 1.4198552293098707,
          "frac": 0.019380887762612004,
          "length": 4
        }
      ],
      "total_flow": 73.2605877863303,
      "n_paths": 20,
      "concentration": {
        "1": 0.46873213848807566,
        "2": 0.5826701303994877,
        "3": 0.6818779924598811,
        "4": 0.7505491138115225,
        "5": 0.8182150134088463,
        "6": 0.8657808953692072,
        "7": 0.9113975534245371,
        "8": 0.9410262251655461,
        "9": 0.9617316439597879,
        "10": 0.9811125317224,
        "11": 0.9900460403740691
      },
      "D_phi": 0.018887468277600017,
      "top_k": 10,
      "top_k_frac": 0.9811125317224
    },
    "local_residuals": {
      "per_sn": {
        "SN_0": {
          "in_flow_pos": 19.961811065673828,
          "in_flow_neg": -0.6380465030670166,
          "in_flow_net": 19.32376456260681,
          "out_flow_pos": 14.970581531524658,
          "out_flow_neg": 0.0,
          "inf_exit": 6.209639072418213,
          "total_out": 21.18022060394287,
          "residual_abs": 1.8564560413360596,
          "residual_rel": 0.09607113744949936,
          "balance": -1.8564560413360596,
          "is_suppressive": false,
          "suppression_rel": null
        },
        "SN_1": {
          "in_flow_pos": 25.687361240386963,
          "in_flow_neg": 0.0,
          "in_flow_net": 25.687361240386963,
          "out_flow_pos": 11.58246448636055,
          "out_flow_neg": 0.0,
          "inf_exit": 17.19875144958496,
          "total_out": 28.78121593594551,
          "residual_abs": 3.093854695558548,
          "residual_rel": 0.12044268255526822,
          "balance": -3.093854695558548,
          "is_suppressive": false,
          "suppression_rel": null
        },
        "SN_2": {
          "in_flow_pos": 33.26357138156891,