{
  "12": {
    "total": 0.731247351023662,
    "total_base": 0.731247351023662,
    "intra_sim": 0.6666666666666667,
    "dag_safety": 1.0,
    "flow_balance": 0.37275059812449846,
    "attr_balance": 0.37275059812449846,
    "size_score": 0.9402985074626866,
    "n_middle": 12,
    "n_warnings": 0,
    "inf_conservation": 0.999999938329001,
    "edge_conservation": 0.11425873465533512,
    "details": {
      "SN_0": {
        "intra_sim": 0.9319025874137878,
        "n": 2
      },
      "SN_1": {
        "intra_sim": 0.20818828476686332,
        "n": 34
      },
      "SN_2": {
        "intra_sim": 0.24051030228535333,
        "n": 3
      },
      "SN_3": {
        "intra_sim": 0.22593851387500763,
        "n": 2
      },
      "SN_4": {
        "intra_sim": 0.006791080969075362,
        "n": 3
      },
      "SN_5": {
        "intra_sim": 1.0,
        "n": 1
      },
      "SN_6": {
        "intra_sim": 0.4372231922267626,
        "n": 9
      },
      "SN_7": {
        "intra_sim": 1.0,
        "n": 1
      },
      "SN_8": {
        "intra_sim": 1.0,
        "n": 1
      },
      "SN_9": {
        "intra_sim": 0.13157984614372253,
        "n": 2
      },
      "SN_10": {
        "intra_sim": 0.16974540998538334,
        "n": 6
      },
      "SN_11": {
        "intra_sim": 0.11340030810485284,
        "n": 3
      }
    }
  },
  "13": {
    "total": 0.7754350116208326,
    "total_base": 0.7754350116208326,
    "intra_sim": 0.6923076923076923,
    "dag_safety": 0.9743589743589743,
    "flow_balance": 0.5563133338924389,
    "attr_balance": 0.5563133338924389,
    "size_score": 0.9253731343283582,
    "n_middle": 13,
    "n_warnings": 2,
    "inf_conservation": 0.9999998901824007,
    "edge_conservation": 0.12086874409820575,
    "details": {
      "SN_0": {
        "intra_sim": 0.9319025874137878,
        "n": 2
      },
      "SN_1": {
        "intra_sim": 0.24097065378799534,
        "n": 21
      },
      "SN_2": {
        "intra_sim": 0.24051030228535333,
        "n": 3
      },
      "SN_3": {
        "intra_sim": 0.22593851387500763,
        "n": 2
      },
      "SN_4": {
        "intra_sim": 0.014810405671596527,
        "n": 2
      },
      "SN_5": {
        "intra_sim": 1.0,
        "n": 1
      },
      "SN_6": {
        "intra_sim": 0.0,
        "n": 2
      },
      "SN_7": {
        "intra_sim": 1.0,
        "n": 1
      },
      "SN_8": {
        "intra_sim": 0.4334242045879364,
        "n": 2
      },
      "SN_9": {
        "intra_sim": 1.0,
        "n": 1
      },
      "SN_10": {
        "intra_sim": 0.2222858198285879,
        "n": 25
      },
      "SN_11": {
        "intra_sim": 0.13157984614372253,
        "n": 2
      },
      "SN_12": {
        "intra_sim": 0.11340030810485284,
        "n": 3
      }
    }
  },
  "14": {
    "total": 0.7231917032235252,
    "total_base": 0.7231917032235252,
    "intra_sim": 0.75,
    "dag_safety": 1.0,
    "flow_balance": 0.2644086039388772,
    "attr_balance": 0.2644086039388772,
    "size_score": 0.9104477611940298,
    "n_middle": 14,
    "n_warnings": 0,
    "inf_conservation": 0.9999999053296457,
    "edge_conservation": 0.12653446647780914,
    "details": {
      "SN_0": {
        "intra_sim": 0.9319025874137878,
        "n": 2
      },
      "SN_1": {
        "intra_sim": 0.17973446193799947,
        "n": 38
      },
      "SN_2": {
        "intra_sim": 0.24051030228535333,
        "n": 3
      },
      "SN_3": {
        "intra_sim": 0.22593851387500763,
        "n": 2
      },
      "SN_4": {
        "intra_sim": 0.014810405671596527,
        "n": 2
      },
      "SN_5": {
        "intra_sim": 1.0,
        "n": 1
      },
      "SN_6": {
        "intra_sim": 0.44435158371925354,
        "n": 2
      },
      "SN_7": {
        "intra_sim": 1.0,
        "n": 1
      },
      "SN_8": {
        "intra_sim": 1.0,
        "n": 1
      },
      "SN_9": {
        "intra_sim": 1.0,
        "n": 1
      },
      "SN_10": {
        "intra_sim": 0.13157984614372253,
        "n": 2
      },
      "SN_11": {
        "intra_sim": 1.0,
        "n": 1
      },
      "SN_12": {
        "intra_sim": 0.5620828526360648,
        "n": 8
      },
      "SN_13": {
        "intra_sim": 0.11340030810485284,
        "n": 3
      }
    }
  },
  "15": {
    "total": 0.7860616462217813,
    "total_base": 0.7860616462217813,
    "intra_sim": 0.7333333333333334,
    "dag_safety": 1.0,
    "flow_balance": 0.5478286744393638,
    "attr_balance": 0.5478286744393638,
    "size_score": 0.8955223880597015,
    "n_middle": 15,
    "n_warnings": 0,
    "inf_conservation": 0.9999999074935378,
    "edge_conservation": 0.14164305949008488,
    "details": {
      "SN_0": {
        "intra_sim": 0.9319025874137878,
        "n": 2
      },
      "SN_1": {
        "intra_sim": 0.24097065378799534,
        "n": 21
      },
      "SN_2": {
        "intra_sim": 0.24051030228535333,
        "n": 3
      },
      "SN_3": {
        "intra_sim": 0.22593851387500763,
        "n": 2
      },
      "SN_4": {
        "intra_sim": 0.014810405671596527,
        "n": 2
      },
      "SN_5": {
        "intra_sim": 1.0,
        "n": 1
      },
      "SN_6": {
        "intra_sim": 1.0,
        "n": 1
      },
      "SN_7": {
        "intra_sim": 1.0,
        "n": 1
      },
      "SN_8": {
        "intra_sim": 0.4334242045879364,
        "n": 2
      },
      "SN_9": {
        "intra_sim": 1.0,
        "n": 1
      },
      "SN_10": {
        "intra_sim": 0.3746134270203423,
        "n": 17
      },
      "SN_11": {
        "intra_sim": 0.13157984614372253,
        "n": 2
      },
      "SN_12": {
        "intra_sim": 1.0,
        "n": 1
      },
      "SN_13": {
        "intra_sim": 0.5620828526360648,
        "n": 8
      },
      "SN_14": {
        "intra_sim": 0.11340030810485284,
        "n": 3
      }
    }
  },
  "16": {
    "total": 0.792302282659272,
    "total_base": 0.792302282659272,
    "intra_sim": 0.75,
    "dag_safety": 0.9916666666666667,
    "flow_balance": 0.5730648520301229,
    "attr_balance": 0.5730648520301229,
    "size_score": 0.8805970149253731,
    "n_middle": 16,
    "n_warnings": 1,
    "inf_conservation": 0.9999998707073713,
    "edge_conservation": 0.16808309726156737,
    "details": {
      "SN_0": {
        "intra_sim": 0.9319025874137878,
        "n": 2
      },
      "SN_1": {
        "intra_sim": 0.35438954568278,
        "n": 17
      },
      "SN_2": {
        "intra_sim": 0.24051030228535333,
        "n": 3
      },
      "SN_3": {
        "intra_sim": 0.2431202707256269,
        "n": 18
      },
      "SN_4": {
        "intra_sim": 0.22593851387500763,
        "n": 2
      },
      "SN_5": {
        "intra_sim": 0.014810405671596527,
        "n": 2
      },
      "SN_6": {
        "intra_sim": 1.0,
        "n": 1
      },
      "SN_7": {
        "intra_sim": 0.44435158371925354,
        "n": 2
      },
      "SN_8": {
        "intra_sim": 1.0,
        "n": 1
      },
      "SN_9": {
        "intra_sim": 1.0,
        "n": 1
      },
      "SN_10": {
        "intra_sim": 1.0,
        "n": 1
      },
      "SN_11": {
        "intra_sim": 0.13157984614372253,
        "n": 2
      },
      "SN_12": {
        "intra_sim": 1.0,
        "n": 1
      },
      "SN_13": {
        "intra_sim": 0.5253013471762339,
        "n": 3
      },
      "SN_14": {
        "intra_sim": 0.5620828526360648,
        "n": 8
      },
      "SN_15": {
        "intra_sim": 0.11340030810485284,
        "n": 3
      }
    }
  }
}