{
  "sn_names": [
    "SN_0",
    "SN_1",
    "SN_2",
    "SN_3",
    "SN_4",
    "SN_EMB_0",
    "SN_EMB_1",
    "SN_LOGIT_0"
  ],
  "sn_adj": [
    [
      0.0,
      0.8090000152587891,
      2.521399974822998,
      4.092800140380859,
      0.49129998683929443,
      0.0,
      0.0,
      1.041100025177002
    ],
    [
      0.7889999747276306,
      0.0,
      0.5895000100135803,
      3.927299976348877,
      0.0,
      0.0,
      0.0,
      0.6414999961853027
    ],
    [
      0.0,
      0.0,
      0.0,
      2.820000171661377,
      0.0,
      0.0,
      0.0,
      0.0
    ],
    [
      0.0,
      0.0,
      0.9146999716758728,
      0.0,
      1.4677999019622803,
      0.0,
      0.0,
      1.740299940109253
    ],
    [
      0.0,
      0.0,
      0.0,
      0.0,
      0.0,
      0.0,
      0.0,
      0.0
    ],
    [
      0.0,
      1.6868999004364014,
      1.2551000118255615,
      1.6877999305725098,
      0.0,
      0.0,
      0.7940000295639038,
      0.5875999927520752
    ],
    [
      1.4638999700546265,
      0.5109000205993652,
      1.0812000036239624,
      0.0,
      0.0,
      0.7825000286102295,
      0.0,
      0.8234000205993652
    ],
    [
      0.0,
      0.0,
      0.0,
      0.0,
      0.0,
      0.0,
      0.0,
      0.0
    ]
  ],
  "F_sn": [
    [
      0.0,
      0.8090000152587891,
      2.521399974822998,
      4.092800140380859,
      0.49129998683929443,
      0.0,
      0.0,
      1.041100025177002
    ],
    [
      0.7889999747276306,
      0.0,
      0.5895000100135803,
      3.927299976348877,
      0.0,
      0.0,
      0.0,
      0.6414999961853027
    ],
    [
      0.0,
      0.0,
      0.0,
      2.820000171661377,
      0.0,
      0.0,
      0.0,
      0.0
    ],
    [
      0.0,
      0.0,
      0.9146999716758728,
      0.0,
      1.4677999019622803,
      0.0,
      0.0,
      1.740299940109253
    ],
    [
      0.0,
      0.0,
      0.0,
      0.0,
      0.0,
      0.0,
      0.0,
      0.0
    ],
    [
      0.0,
      1.6868999004364014,
      1.2551000118255615,
      1.6877999305725098,
      0.0,
      0.0,
      0.7940000295639038,
      0.5875999927520752
    ],
    [
      1.4638999700546265,
      0.5109000205993652,
      1.0812000036239624,
      0.0,
      0.0,
      0.7825000286102295,
      0.0,
      0.8234000205993652
    ],
    [
      0.0,
      0.0,
      0.0,
      0.0,
      0.0,
      0.0,
      0.0,
      0.0
    ]
  ],
  "sn_reach": [
    8.955600142478943,
    5.947299957275391,
    2.820000171661377,
    4.122799813747406,
    0.0,
    6.011399865150452,
    4.661900043487549,
    0.0
  ],
  "sn_act_norm": [
    0.9999999999998883,
    0.6640872596650449,
    0.31488678891378863,
    0.4603599700919362,
    0.0,
    0.671244781981278,
    0.5205569665146526,
    0.0
  ],
  "sn_inf": [
    1.041100025177002,
    0.6414999961853027,
    0.0,
    1.740299940109253,
    0.0,
    0.5875999927520752,
    0.8234000205993652,
    0.0
  ],
  "preservation": {
    "inf_conservation": 0.9999999013554037,
    "edge_conservation": 0.4893617021276491
  },
  "orig_reach_total": 47.0,
  "surr_reach_total": 23.0,
  "inf_conservation": 0.9999999013554037,
  "edge_conservation": 0.4893617021276491,
  "dominant_paths": [
    {
      "src": "SN_0",
      "tgt": "SN_3",
      "weight": 4.092800140380859
    },
    {
      "src": "SN_1",
      "tgt": "SN_3",
      "weight": 3.927299976348877
    },
    {
      "src": "SN_2",
      "tgt": "SN_3",
      "weight": 2.820000171661377
    },
    {
      "src": "SN_0",
      "tgt": "SN_2",
      "weight": 2.521399974822998
    },
    {
      "src": "SN_3",
      "tgt": "SN_LOGIT_0",
      "weight": 1.740299940109253
    },
    {
      "src": "SN_EMB_0",
      "tgt": "SN_3",
      "weight": 1.6877999305725098
    },
    {
      "src": "SN_EMB_0",
      "tgt": "SN_1",
      "weight": 1.6868999004364014
    },
    {
      "src": "SN_3",
      "tgt": "SN_4",
      "weight": 1.4677999019622803
    },
    {
      "src": "SN_EMB_1",
      "tgt": "SN_0",
      "weight": 1.4638999700546265
    },
    {
      "src": "SN_EMB_0",
      "tgt": "SN_2",
      "weight": 1.2551000118255615
    },
    {
      "src": "SN_EMB_1",
      "tgt": "SN_2",
      "weight": 1.0812000036239624
    },
    {
      "src": "SN_0",
      "tgt": "SN_LOGIT_0",
      "weight": 1.041100025177002
    },
    {
      "src": "SN_3",
      "tgt": "SN_2",
      "weight": 0.9146999716758728
    },
    {
      "src": "SN_EMB_1",
      "tgt": "SN_LOGIT_0",
      "weight": 0.8234000205993652
    },
    {
      "src": "SN_0",
      "tgt": "SN_1",
      "weight": 0.8090000152587891
    },
    {
      "src": "SN_EMB_0",
      "tgt": "SN_EMB_1",
      "weight": 0.7940000295639038
    },
    {
      "src": "SN_1",
      "tgt": "SN_0",
      "weight": 0.7889999747276306
    },
    {
      "src": "SN_EMB_1",
      "tgt": "SN_EMB_0",
      "weight": 0.7825000286102295
    },
    {
      "src": "SN_1",
      "tgt": "SN_LOGIT_0",
      "weight": 0.6414999961853027
    },
    {
      "src": "SN_1",
      "tgt": "SN_2",
      "weight": 0.5895000100135803
    }
  ],
  "bottleneck_sns": [
    {
      "sn": "SN_3",
      "in_minus_out": 8.405100405216217
    },
    {
      "sn": "SN_0",
      "in_minus_out": -6.702700197696686
    },
    {
      "sn": "SN_EMB_0",
      "in_minus_out": -5.228899836540222
    },
    {
      "sn": "SN_LOGIT_0",
      "in_minus_out": 4.833899974822998
    },
    {
      "sn": "SN_EMB_1",
      "in_minus_out": -3.867900013923645
    },
    {
      "sn": "SN_2",
      "in_minus_out": 3.541899800300598
    },
    {
      "sn": "SN_1",
      "in_minus_out": -2.940500020980835
    },
    {
      "sn": "SN_4",
      "in_minus_out": 1.9590998888015747
    }
  ]
}