{
  "2": {
    "total": 0.5484158013874787,
    "total_base": 0.5484158013874787,
    "intra_sim": 0.40012474336366777,
    "dag_safety": 1.0,
    "flow_balance": 0.0,
    "attr_balance": 0.0,
    "size_score": 0.8918918918918919,
    "n_middle": 2,
    "n_warnings": 0,
    "inf_conservation": 0.9999999708406782,
    "edge_conservation": 0.07142857142857131,
    "details": {
      "SN_0": {
        "intra_sim": 0.5995551684349397,
        "n": 30
      },
      "SN_1": {
        "intra_sim": 0.7619641106197038,
        "n": 7
      }
    }
  },
  "3": {
    "total": 0.5707242799278871,
    "total_base": 0.5707242799278871,
    "intra_sim": 0.4530238563744626,
    "dag_safety": 0.6666666666666667,
    "flow_balance": 0.3374666902603914,
    "attr_balance": 0.3374666902603914,
    "size_score": 0.9189189189189189,
    "n_middle": 3,
    "n_warnings": 1,
    "inf_conservation": 0.9999999530211258,
    "edge_conservation": 0.09136212624584703,
    "details": {
      "SN_0": {
        "intra_sim": 0.9636711160095494,
        "n": 4
      },
      "SN_1": {
        "intra_sim": 0.5831966945650154,
        "n": 30
      },
      "SN_2": {
        "intra_sim": 0.804192441208642,
        "n": 3
      }
    }
  },
  "4": {
    "total": 0.6459618643123927,
    "total_base": 0.6459618643123927,
    "intra_sim": 0.4982891514460047,
    "dag_safety": 0.8333333333333334,
    "flow_balance": 0.3958103854242749,
    "attr_balance": 0.3958103854242749,
    "size_score": 0.9459459459459459,
    "n_middle": 4,
    "n_warnings": 1,
    "inf_conservation": 0.9999999400614513,
    "edge_conservation": 0.1362126245847174,
    "details": {
      "SN_0": {
        "intra_sim": 0.9318018986674059,
        "n": 6
      },
      "SN_1": {
        "intra_sim": 0.5774310251503981,
        "n": 24
      },
      "SN_2": {
        "intra_sim": 0.7588620671066872,
        "n": 5
      },
      "SN_3": {
        "intra_sim": 0.8247112716282734,
        "n": 2
      }
    }
  }
}