{
  "4": {
    "total": 0.7872766852703428,
    "total_base": 0.7872766852703428,
    "intra_sim": 0.5,
    "dag_safety": 1.0,
    "flow_balance": 0.7948210267956564,
    "attr_balance": 0.7948210267956564,
    "size_score": 0.9428571428571428,
    "n_middle": 4,
    "n_warnings": 0,
    "inf_conservation": 1.0000001132273464,
    "edge_conservation": 0.03933518005540164,
    "details": {
      "SN_0": {
        "intra_sim": 0.21254248075586343,
        "n": 29
      },
      "SN_1": {
        "intra_sim": 0.14981937231734777,
        "n": 13
      },
      "SN_2": {
        "intra_sim": 0.3644066884244482,
        "n": 25
      },
      "SN_3": {
        "intra_sim": 0.4496042529741923,
        "n": 3
      }
    }
  },
  "5": {
    "total": 0.8087211778066874,
    "total_base": 0.8087211778066874,
    "intra_sim": 0.6,
    "dag_safety": 1.0,
    "flow_balance": 0.7491704255124638,
    "attr_balance": 0.7491704255124638,
    "size_score": 0.9571428571428572,
    "n_middle": 5,
    "n_warnings": 0,
    "inf_conservation": 1.0000000862975895,
    "edge_conservation": 0.04653739612188363,
    "details": {
      "SN_0": {
        "intra_sim": 0.6629387140274048,
        "n": 3
      },
      "SN_1": {
        "intra_sim": 0.2233171898566572,
        "n": 29
      },
      "SN_2": {
        "intra_sim": 0.14645906469474237,
        "n": 10
      },
      "SN_3": {
        "intra_sim": 0.3644066884244482,
        "n": 25
      },
      "SN_4": {
        "intra_sim": 0.4496042529741923,
        "n": 3
      }
    }
  },
  "6": {
    "total": 0.8143749040562452,
    "total_base": 0.8143749040562452,
    "intra_sim": 0.6666666666666667,
    "dag_safety": 0.9333333333333333,
    "flow_balance": 0.7470234257487907,
    "attr_balance": 0.7470234257487907,
    "size_score": 0.9714285714285714,
    "n_middle": 6,
    "n_warnings": 1,
    "inf_conservation": 1.0000001034347075,
    "edge_conservation": 0.05761772853185593,
    "details": {
      "SN_0": {
        "intra_sim": 0.6629387140274048,
        "n": 3
      },
      "SN_1": {
        "intra_sim": 0.28638490192688904,
        "n": 22
      },
      "SN_2": {
        "intra_sim": 0.18101591388977162,
        "n": 12
      },
      "SN_3": {
        "intra_sim": 0.5681083798408508,
        "n": 2
      },
      "SN_4": {
        "intra_sim": 0.3290101510864342,
        "n": 28
      },
      "SN_5": {
        "intra_sim": 0.4496042529741923,
        "n": 3
      }
    }
  },
  "7": {
    "total": 0.8365685090242215,
    "total_base": 0.8365685090242215,
    "intra_sim": 0.6428571428571428,
    "dag_safety": 0.9523809523809523,
    "flow_balance": 0.8338930837159338,
    "attr_balance": 0.8338930837159338,
    "size_score": 0.9857142857142858,
    "n_middle": 7,
    "n_warnings": 1,
    "inf_conservation": 1.0000001034347075,
    "edge_conservation": 0.0714681440443213,
    "details": {
      "SN_0": {
        "intra_sim": 0.6629387140274048,
        "n": 3
      },
      "SN_1": {
        "intra_sim": 0.35331906400326835,
        "n": 20
      },
      "SN_2": {
        "intra_sim": 0.35457348748387996,
        "n": 19
      },
      "SN_3": {
        "intra_sim": 0.18101591388977162,
        "n": 12
      },
      "SN_4": {
        "intra_sim": 0.5681083798408508,
        "n": 2
      },
      "SN_5": {
        "intra_sim": 0.4496042529741923,
        "n": 3
      },
      "SN_6": {
        "intra_sim": 0.5673816845836964,
        "n": 11
      }
    }
  },
  "8": {
    "total": 0.8656735018194082,
    "total_base": 0.8656735018194082,
    "intra_sim": 0.625,
    "dag_safety": 1.0,
    "flow_balance": 0.912694007277633,
    "attr_balance": 0.912694007277633,
    "size_score": 1.0,
    "n_middle": 8,
    "n_warnings": 0,
    "inf_conservation": 1.0000000960902282,
    "edge_conservation": 0.08421052631578943,
    "details": {
      "SN_0": {
        "intra_sim": 0.6629387140274048,
        "n": 3
      },
      "SN_1": {
        "intra_sim": 0.4216577491976998,
        "n": 12
      },
      "SN_2": {
        "intra_sim": 0.2593329801044273,
        "n": 19
      },
      "SN_3": {
        "intra_sim": 0.3667694203378189,
        "n": 15
      },
      "SN_4": {
        "intra_sim": 0.5681083798408508,
        "n": 2
      },
      "SN_5": {
        "intra_sim": 0.35841853320598605,
        "n": 5
      },
      "SN_6": {
        "intra_sim": 0.4496042529741923,
        "n": 3
      },
      "SN_7": {
        "intra_sim": 0.5673816845836964,
        "n": 11
      }
    }
  }
}