{
  "2": {
    "total": 0.5659865796867448,
    "total_base": 0.5659865796867448,
    "intra_sim": 0.4433595209416317,
    "dag_safety": 1.0,
    "flow_balance": 0.0,
    "attr_balance": 0.0,
    "size_score": 0.9148936170212766,
    "n_middle": 2,
    "n_warnings": 0,
    "inf_conservation": 0.9999998850413169,
    "edge_conservation": 0.024663677130044786,
    "details": {
      "SN_0": {
        "intra_sim": 0.14861166799705974,
        "n": 34
      },
      "SN_1": {
        "intra_sim": 0.36617747764700115,
        "n": 13
      }
    }
  },
  "3": {
    "total": 0.6467724528752088,
    "total_base": 0.6467724528752088,
    "intra_sim": 0.5,
    "dag_safety": 0.33333333333333337,
    "flow_balance": 0.9048203079547358,
    "attr_balance": 0.9048203079547358,
    "size_score": 0.9361702127659575,
    "n_middle": 3,
    "n_warnings": 2,
    "inf_conservation": 0.9999999999999398,
    "edge_conservation": 0.03811659192825104,
    "details": {
      "SN_0": {
        "intra_sim": 0.22250369965665232,
        "n": 23
      },
      "SN_1": {
        "intra_sim": 0.4272859725028728,
        "n": 12
      },
      "SN_2": {
        "intra_sim": 0.2069607167716392,
        "n": 12
      }
    }
  },
  "4": {
    "total": 0.7266005497754333,
    "total_base": 0.7266005497754333,
    "intra_sim": 0.5,
    "dag_safety": 0.6666666666666667,
    "flow_balance": 0.8737780856265557,
    "attr_balance": 0.8737780856265557,
    "size_score": 0.9574468085106383,
    "n_middle": 4,
    "n_warnings": 2,
    "inf_conservation": 0.9999999999999398,
    "edge_conservation": 0.056053811659192695,
    "details": {
      "SN_0": {
        "intra_sim": 0.2919363460955564,
        "n": 19
      },
      "SN_1": {
        "intra_sim": 0.37194354037443794,
        "n": 6
      },
      "SN_2": {
        "intra_sim": 0.4272859725028728,
        "n": 12
      },
      "SN_3": {
        "intra_sim": 0.17683258388812342,
        "n": 10
      }
    }
  }
}