{
  "graph_name": "gemmascope-transcoder-16k-p05-fact-the-language-spoken-20260424-173930-964822_prune_graph",
  "dataset": "gemmascope-transcoder-16k",
  "graph_path": "/workspace/demos/subgraph/gemmascope-transcoder-16k/gemmascope-transcoder-16k-p05-fact-the-language-spoken-20260424-173930-964822_prune_graph.pt",
  "method": "ours-arith-cos-edge",
  "method_family": "ours",
  "mean_method": "arith",
  "normalization": "cos",
  "similarity_mode": "edge",
  "best_k": 4,
  "auto_k_candidates": 3,
  "n_supernodes": 8,
  "total": 0.7266005497754333,
  "total_base": 0.7266005497754333,
  "intra_sim": 0.5,
  "dag_safety": 0.6666666666666667,
  "attr_balance": 0.8737780856265557,
  "size_score": 0.9574468085106383,
  "n_middle": 4,
  "n_warnings": 2,
  "inf_conservation": 0.9999999999999398,
  "edge_conservation": 0.056053811659192695,
  "within_cluster_weighted_edge_cosine_mean": 0.4801994842271858,
  "F_phi": 0.9064254287204354,
  "path_score": 0.9984897593576596,
  "residual_score": 0.8521039091766847,
  "shortcut_score": 0.8379945074145536,
  "D_phi": 0.0015102406423403991,
  "R_phi": 0.14789609082331537,
  "R_phi_balance": 0.14789609082331537,
  "R_phi_suppressive": 0.43257490100536516,
  "R_phi_max": 0.22574802714475045,
  "shortcut_frac": 0.16200549258544636,
  "sigma_phi": 0.16200549258544636,
  "top_k_frac": 0.9984897593576596,
  "n_paths": 12,
  "n_shortcuts": 5,
  "n_direct": 17,
  "n_suppressive": 1,
  "n_balanced": 3,
  "result_path": "/workspace/eval_outputs/clustering/runs/gemmascope-transcoder-16k-p05-fact-the-language-spoken-20260424-173930-964822_prune_graph/ours-arith-cos-edge/result.json",
  "supernode_map_path": "/workspace/eval_outputs/clustering/runs/gemmascope-transcoder-16k-p05-fact-the-language-spoken-20260424-173930-964822_prune_graph/ours-arith-cos-edge/supernode_map.json",
  "auto_k_sweep_path": "/workspace/eval_outputs/clustering/runs/gemmascope-transcoder-16k-p05-fact-the-language-spoken-20260424-173930-964822_prune_graph/ours-arith-cos-edge/auto_k_sweep.json",
  "flow_report_path": "/workspace/eval_outputs/clustering/runs/gemmascope-transcoder-16k-p05-fact-the-language-spoken-20260424-173930-964822_prune_graph/ours-arith-cos-edge/flow_report.json",
  "final_supernodes": {
    "SN_0": [
      "4_10583_12",
      "6_10660_12",
      "14_10660_12",
      "16_1654_13",
      "17_3437_12",
      "17_14947_13",
      "18_9239_12",
      "18_868_13",
      "18_9239_13",
      "19_9990_12",
      "19_9990_13",
      "19_11872_13",
      "20_1194_12",
      "20_1194_13",
      "20_4752_13",
      "20_11695_13",
      "21_5251_13",
      "22_4415_13",
      "23_4074_13"
    ],
    "SN_1": [
      "17_3531_13",
      "18_3724_13",
      "18_8826_13",
      "18_14080_13",
      "19_13366_13",
      "20_12526_13"
    ],
    "SN_2": [
      "20_11695_12",
      "22_4314_13",
      "22_5277_13",
      "22_10178_13",
      "23_850_13",
      "23_3269_13",
      "23_7367_13",
      "23_7979_13",
      "23_13607_13",
      "24_4036_13",
      "25_12021_13",
      "25_12223_13"
    ],
    "SN_3": [
      "20_7950_13",
      "21_12621_13",
      "22_12284_13",
      "22_14724_13",
      "22_14773_13",
      "23_7753_13",
      "24_410_13",
      "24_723_13",
      "24_6082_13",
      "25_14538_13"
    ],
    "SN_EMB_0": [
      "E_5255_4"
    ],
    "SN_EMB_1": [
      "E_22230_5"
    ],
    "SN_EMB_2": [
      "E_22099_12"
    ],
    "SN_LOGIT_0": [
      "27_11430_13"
    ]
  },
  "score_details": {
    "SN_0": {
      "intra_sim": 0.2919363460955564,
      "n": 19
    },
    "SN_1": {
      "intra_sim": 0.37194354037443794,
      "n": 6
    },
    "SN_2": {
      "intra_sim": 0.4272859725028728,
      "n": 12
    },
    "SN_3": {
      "intra_sim": 0.17683258388812342,
      "n": 10
    }
  },
  "flow_report": {
    "path_decomposition": {
      "paths": [
        {
          "path": [
            "SN_EMB_2",
            "SN_LOGIT_0"
          ],
          "flow": 34.33959197998047,
          "frac": 0.4807304369497432,
          "length": 2
        },
        {
          "path": [
            "SN_EMB_2",
            "SN_0",
            "SN_LOGIT_0"
          ],
          "flow": 11.13251722372066,
          "frac": 0.15584750897534744,
          "length": 3
        },
        {
          "path": [
            "SN_EMB_0",
            "SN_0",
            "SN_LOGIT_0"
          ],
          "flow": 8.389261963447792,
          "frac": 0.1174438406759547,
          "length": 3
        },
        {
          "path": [
            "SN_EMB_0",
            "SN_3",
            "SN_LOGIT_0"
          ],
          "flow": 5.268371813566709,
          "frac": 0.07375354621062902,
          "length": 3
        },
        {
          "path": [
            "SN_EMB_1",
            "SN_3",
            "SN_LOGIT_0"
          ],
          "flow": 4.8904434622019135,
          "frac": 0.06846281178392959,
          "length": 3
        },
        {
          "path": [
            "SN_EMB_0",
            "SN_1",
            "SN_3",
            "SN_LOGIT_0"
          ],
          "flow": 4.364799717470881,
          "frac": 0.06110416444671704,
          "length": 4
        },
        {
          "path": [
            "SN_EMB_1",
            "SN_1",
            "SN_3",
            "SN_LOGIT_0"
          ],
          "flow": 2.267423453382641,
          "frac": 0.0317423534947707,
          "length": 4
        },
        {
          "path": [
            "SN_EMB_2",
            "SN_0",
            "SN_3",
            "SN_LOGIT_0"
          ],
          "flow": 0.3394248740452712,
          "frac": 0.004751712487047657,
          "length": 4
        },
        {
          "path": [
            "SN_EMB_0",
            "SN_0",
            "SN_3",
            "SN_LOGIT_0"
          ],
          "flow": 0.2557843952137506,
          "frac": 0.0035808038764036034,
          "length": 4
        },
        {
          "path": [
            "SN_EMB_2",
            "SN_0",
            "SN_1",
            "SN_3",
            "SN_LOGIT_0"
          ],
          "flow": 0.07661669083567584,
          "frac": 0.0010725804571163917,
          "length": 5
        }
      ],
      "total_flow": 71.432115257495,
      "n_paths": 12,
      "concentration": {
        "1": 0.4807304369497432,
        "2": 0.6365779459250906,
        "3": 0.7540217866010455,
        "4": 0.8277753328116745,
        "5": 0.896238144595604,
        "6": 0.957342309042321,
        "7": 0.9890846625370918,
        "8": 0.9938363750241396,
        "9": 0.9974171789005432,
        "10": 0.9984897593576596
      },
      "D_phi": 0.0015102406423403991,
      "top_k": 10,
      "top_k_frac": 0.9984897593576596
    },
    "local_residuals": {
      "per_sn": {
        "SN_0": {
          "in_flow_pos": 29.13673162460327,
          "in_flow_neg": 0.0,
          "in_flow_net": 29.13673162460327,
          "out_flow_pos": 7.063008189201355,
          "out_flow_neg": 0.0,
          "inf_exit": 22.239866256713867,
          "total_out": 29.302874445915222,
          "residual_abs": 0.16614282131195068,
          "residual_rel": 0.005702177699699604,
          "balance": -0.16614282131195068,
          "is_suppressive": false,
          "suppression_rel": null
        },
        "SN_1": {
          "in_flow_pos": 27.929851964116096,
          "in_flow_neg": 0.0,
          "in_flow_net": 27.929851964116096,
          "out_flow_pos": 21.62474298477173,
          "out_flow_neg": 0.0,
          "inf_exit": 0.0,
          "total_out": 21.62474298477173,
          "residual_abs": 6.305108979344368,
          "residual_rel": 0.22574802714475045,
          "balance": 6.305108979344368,
          "is_suppressive": false,
          "suppression_rel": null
        },
        "SN_2": {
          "in_flow_pos": 54.30873942375183,
          "in_flow_neg": 0.0,
          "in_flow_net": 54.30873942375183,
          "out_flow_pos": 1.5315964221954346,
          "out_flow_neg": -4.419566631317139,