{
  "graph_name": "clt-hp-p10-fact-the-capital-of-20260424-171350-828667_prune_graph",
  "dataset": "clt-hp",
  "graph_path": "/workspace/demos/subgraph/clt-hp/clt-hp-p10-fact-the-capital-of-20260424-171350-828667_prune_graph.pt",
  "method": "ours-arith-cos-node",
  "method_family": "ours",
  "mean_method": "arith",
  "normalization": "cos",
  "similarity_mode": "node",
  "best_k": 5,
  "auto_k_candidates": 4,
  "n_supernodes": 14,
  "total": 0.8870778139827555,
  "total_base": 0.8870778139827555,
  "intra_sim": 0.9,
  "dag_safety": 1.0,
  "attr_balance": 0.791388179007945,
  "size_score": 0.8461538461538461,
  "n_middle": 5,
  "n_warnings": 0,
  "inf_conservation": 0.999999999999886,
  "edge_conservation": 0.46511627906976205,
  "within_cluster_weighted_edge_cosine_mean": 0.5805800974286163,
  "F_phi": 0.6705430743672087,
  "path_score": 0.8997067450702007,
  "residual_score": 0.05030403653405835,
  "shortcut_score": 0.9852305512630364,
  "D_phi": 0.10029325492979935,
  "R_phi": 0.9496959634659417,
  "R_phi_balance": 0.9496959634659417,
  "R_phi_suppressive": 2.661874561341229,
  "R_phi_max": 1.5863777619327084,
  "shortcut_frac": 0.014769448736963639,
  "sigma_phi": 0.014769448736963639,
  "top_k_frac": 0.8997067450702007,
  "n_paths": 37,
  "n_shortcuts": 2,
  "n_direct": 29,
  "n_suppressive": 1,
  "n_balanced": 4,
  "result_path": "/workspace/eval_outputs/clustering/runs/clt-hp-p10-fact-the-capital-of-20260424-171350-828667_prune_graph/ours-arith-cos-node/result.json",
  "supernode_map_path": "/workspace/eval_outputs/clustering/runs/clt-hp-p10-fact-the-capital-of-20260424-171350-828667_prune_graph/ours-arith-cos-node/supernode_map.json",
  "auto_k_sweep_path": "/workspace/eval_outputs/clustering/runs/clt-hp-p10-fact-the-capital-of-20260424-171350-828667_prune_graph/ours-arith-cos-node/auto_k_sweep.json",
  "flow_report_path": "/workspace/eval_outputs/clustering/runs/clt-hp-p10-fact-the-capital-of-20260424-171350-828667_prune_graph/ours-arith-cos-node/flow_report.json",
  "final_supernodes": {
    "SN_0": [
      "0_55815_4",
      "7_61400_17"
    ],
    "SN_1": [
      "14_66317_17",
      "22_52965_17",
      "22_95749_17"
    ],
    "SN_2": [
      "16_14597_17"
    ],
    "SN_3": [
      "17_1822_17",
      "17_93182_17",
      "17_98126_17",
      "21_84338_17"
    ],
    "SN_4": [
      "18_47904_11",
      "18_47904_17",
      "21_80595_17"
    ],
    "SN_EMB_0": [
      "E_714_3"
    ],
    "SN_EMB_1": [
      "E_6037_4"
    ],
    "SN_EMB_2": [
      "E_576_5"
    ],
    "SN_EMB_3": [
      "E_3170_7"
    ],
    "SN_EMB_4": [
      "E_96293_11"
    ],
    "SN_EMB_5": [
      "E_653_13"
    ],
    "SN_EMB_6": [
      "E_8667_14"
    ],
    "SN_EMB_7": [
      "E_7023_16"
    ],
    "SN_LOGIT_0": [
      "27_53731_17"
    ]
  },
  "score_details": {
    "SN_0": {
      "intra_sim": 0.9983781576156616,
      "n": 2
    },
    "SN_1": {
      "intra_sim": 0.31646200362592936,
      "n": 3
    },
    "SN_2": {
      "intra_sim": 1.0,
      "n": 1
    },
    "SN_3": {
      "intra_sim": 0.9774731496969858,
      "n": 4
    },
    "SN_4": {
      "intra_sim": 0.706072082122167,
      "n": 3
    }
  },
  "flow_report": {
    "path_decomposition": {
      "paths": [
        {
          "path": [
            "SN_EMB_4",
            "SN_LOGIT_0"
          ],
          "flow": 7.71875,
          "frac": 0.27610064072559903,
          "length": 2
        },
        {
          "path": [
            "SN_EMB_1",
            "SN_0",
            "SN_LOGIT_0"
          ],
          "flow": 5.807581342033325,
          "frac": 0.20773790181071228,
          "length": 3
        },
        {
          "path": [
            "SN_EMB_6",
            "SN_LOGIT_0"
          ],
          "flow": 4.03125,
          "frac": 0.14419831033847075,
          "length": 2
        },
        {
          "path": [
            "SN_EMB_4",
            "SN_4",
            "SN_LOGIT_0"
          ],
          "flow": 2.44966679708399,
          "frac": 0.0876248838528409,
          "length": 3
        },
        {
          "path": [
            "SN_EMB_5",
            "SN_LOGIT_0"
          ],
          "flow": 1.796875,
          "frac": 0.06427444065474472,
          "length": 2
        },
        {
          "path": [
            "SN_EMB_1",
            "SN_2",
            "SN_LOGIT_0"
          ],
          "flow": 1.1695809543230018,
          "frac": 0.04183605517331671,
          "length": 3
        },
        {
          "path": [
            "SN_EMB_1",
            "SN_3",
            "SN_LOGIT_0"
          ],
          "flow": 0.8898012999462405,
          "frac": 0.03182830238492346,
          "length": 3
        },
        {
          "path": [
            "SN_EMB_7",
            "SN_LOGIT_0"
          ],
          "flow": 0.484375,
          "frac": 0.01732615356780075,
          "length": 2
        },
        {
          "path": [
            "SN_EMB_1",
            "SN_0",
            "SN_4",
            "SN_LOGIT_0"
          ],
          "flow": 0.4276378001446788,
          "frac": 0.015296656922225942,
          "length": 4
        },
        {
          "path": [
            "SN_EMB_4",
            "SN_3",
            "SN_LOGIT_0"
          ],
          "flow": 0.37694585095633815,
          "frac": 0.013483399639566138,
          "length": 3
        }
      ],
      "total_flow": 27.95629151643642,
      "n_paths": 37,
      "concentration": {
        "1": 0.27610064072559903,
        "2": 0.4838385425363113,
        "3": 0.6280368528747821,
        "4": 0.7156617367276229,
        "5": 0.7799361773823676,
        "6": 0.8217722325556843,
        "7": 0.8536005349406077,
        "8": 0.8709266885084085,
        "9": 0.8862233454306345,
        "10": 0.8997067450702007,
        "11": 0.9125378216677436,
        "12": 0.9246422348441158,
        "13": 0.9362766012511373,
        "14": 0.946781089017481,
        "15": 0.9557561716743262,
        "16": 0.9629124970319787,
        "17": 0.9696425683680095,
        "18": 0.9760121404137908,
        "19": 0.9809482908466531,
        "20": 0.9857209318132502,
        "21": 0.989927274317089,
        "22": 0.9913604928217035
      },
      "D_phi": 0.10029325492979935,
      "top_k": 10,
      "top_k_frac": 0.8997067450702007
    },
    "local_residuals": {
      "per_sn": {
        "SN_0": {
          "in_flow_pos": 5.4208984375,
          "in_flow_neg": -0.1865234375,
          "in_flow_net": 5.234375,
          "out_flow_pos": 0.5105712898075581,
          "out_flow_neg": 0.0,
          "inf_exit": 0.720703125,
          "total_out": 1.231274414807558,
          "residual_abs": 4.003100585192442,
          "residual_rel": 0.764771455081395,
          "balance": 4.003100585192442,
          "is_suppressive": false,
          "suppression_rel": null
        },
        "SN_1": {
          "in_flow_pos": 0.7236897945404053,
          "in_flow_neg": -0.0126953125,
          "in_flow_net": 0.7109944820404053,
          "out_flow_pos": 0.6435546875,
          "out_flow_neg": -0.630859375,
          "inf_exit": -1.892578125,
          "total_out": -1.8798828125,
          "residual_abs": 2.5908772945404053,
          "residual_rel": 3.6440188496280395,
          "balance": 2.5908772945404053,
          "is_suppressive": true,
          "suppression_rel": 2.661874561341229
        },
        "SN_2": {
          "in_flow_pos": 1.21923828125,
          "in_flow_neg": 0.0,
          "in_flow_net": 1.21923828125,
          "out_flow_pos": 0.677734375,
          "out_flow_neg": -0.0670572891831398,
          "inf_exit": 0.51953125,
          "total_out": 1.1302083358168602,
          "residual_abs": 0.0890299454331398,
          "residual_rel": 0.07302095644650411,
          "balance": 0.0890299454331398,
          "is_suppressive": false,
          "suppression_rel": null
        },
        "SN_3": {
          "in_flow_pos": 1.952832031995058,
          "in_flow_neg": -0.1360270157456398,