{
  "sn_names": [
    "SN_0",
    "SN_1",
    "SN_2",
    "SN_3",
    "SN_4",
    "SN_EMB_0",
    "SN_EMB_1",
    "SN_LOGIT_0"
  ],
  "sn_adj": [
    [
      0.0,
      3.330399990081787,
      1.198699951171875,
      2.8940999507904053,
      0.49129998683929443,
      0.0,
      0.0,
      1.041100025177002
    ],
    [
      0.7889999747276306,
      0.0,
      1.867300033569336,
      4.880000114440918,
      0.0,
      0.0,
      0.0,
      0.6414999961853027
    ],
    [
      0.0,
      0.9146999716758728,
      0.0,
      0.9496999979019165,
      0.0,
      0.0,
      0.0,
      0.733299970626831
    ],
    [
      0.0,
      0.0,
      0.0,
      0.0,
      1.4677999019622803,
      0.0,
      0.0,
      1.0069999694824219
    ],
    [
      0.0,
      0.0,
      0.0,
      0.0,
      0.0,
      0.0,
      0.0,
      0.0
    ],
    [
      0.0,
      2.941999912261963,
      0.0,
      1.6877999305725098,
      0.0,
      0.0,
      0.7940000295639038,
      0.5875999927520752
    ],
    [
      1.4638999700546265,
      1.5921000242233276,
      0.0,
      0.0,
      0.0,
      0.7825000286102295,
      0.0,
      0.8234000205993652
    ],
    [
      0.0,
      0.0,
      0.0,
      0.0,
      0.0,
      0.0,
      0.0,
      0.0
    ]
  ],
  "F_sn": [
    [
      0.0,
      3.330399990081787,
      1.198699951171875,
      2.8940999507904053,
      0.49129998683929443,
      0.0,
      0.0,
      1.041100025177002
    ],
    [
      0.7889999747276306,
      0.0,
      1.867300033569336,
      4.880000114440918,
      0.0,
      0.0,
      0.0,
      0.6414999961853027
    ],
    [
      0.0,
      0.9146999716758728,
      0.0,
      0.9496999979019165,
      0.0,
      0.0,
      0.0,
      0.733299970626831
    ],
    [
      0.0,
      0.0,
      0.0,
      0.0,
      1.4677999019622803,
      0.0,
      0.0,
      1.0069999694824219
    ],
    [
      0.0,
      0.0,
      0.0,
      0.0,
      0.0,
      0.0,
      0.0,
      0.0
    ],
    [
      0.0,
      2.941999912261963,
      0.0,
      1.6877999305725098,
      0.0,
      0.0,
      0.7940000295639038,
      0.5875999927520752
    ],
    [
      1.4638999700546265,
      1.5921000242233276,
      0.0,
      0.0,
      0.0,
      0.7825000286102295,
      0.0,
      0.8234000205993652
    ],
    [
      0.0,
      0.0,
      0.0,
      0.0,
      0.0,
      0.0,
      0.0,
      0.0
    ]
  ],
  "sn_reach": [
    8.955599904060364,
    8.177800118923187,
    2.5976999402046204,
    2.474799871444702,
    0.0,
    6.011399865150452,
    4.661900043487549,
    0.0
  ],
  "sn_act_norm": [
    0.9999999999998883,
    0.9131493374569531,
    0.29006431372917446,
    0.27634104894775174,
    0.0,
    0.6712447998513513,
    0.5205569803730711,
    0.0
  ],
  "sn_inf": [
    1.041100025177002,
    0.6414999961853027,
    0.733299970626831,
    1.0069999694824219,
    0.0,
    0.5875999927520752,
    0.8234000205993652,
    0.0
  ],
  "preservation": {
    "inf_conservation": 0.9999999013554037,
    "edge_conservation": 0.46808510638296874
  },
  "orig_reach_total": 47.0,
  "surr_reach_total": 22.0,
  "inf_conservation": 0.9999999013554037,
  "edge_conservation": 0.46808510638296874,
  "dominant_paths": [
    {
      "src": "SN_1",
      "tgt": "SN_3",
      "weight": 4.880000114440918
    },
    {
      "src": "SN_0",
      "tgt": "SN_1",
      "weight": 3.330399990081787
    },
    {
      "src": "SN_EMB_0",
      "tgt": "SN_1",
      "weight": 2.941999912261963
    },
    {
      "src": "SN_0",
      "tgt": "SN_3",
      "weight": 2.8940999507904053
    },
    {
      "src": "SN_1",
      "tgt": "SN_2",
      "weight": 1.867300033569336
    },
    {
      "src": "SN_EMB_0",
      "tgt": "SN_3",
      "weight": 1.6877999305725098
    },
    {
      "src": "SN_EMB_1",
      "tgt": "SN_1",
      "weight": 1.5921000242233276
    },
    {
      "src": "SN_3",
      "tgt": "SN_4",
      "weight": 1.4677999019622803
    },
    {
      "src": "SN_EMB_1",
      "tgt": "SN_0",
      "weight": 1.4638999700546265
    },
    {
      "src": "SN_0",
      "tgt": "SN_2",
      "weight": 1.198699951171875
    },
    {
      "src": "SN_0",
      "tgt": "SN_LOGIT_0",
      "weight": 1.041100025177002
    },
    {
      "src": "SN_3",
      "tgt": "SN_LOGIT_0",
      "weight": 1.0069999694824219
    },
    {
      "src": "SN_2",
      "tgt": "SN_3",
      "weight": 0.9496999979019165
    },
    {
      "src": "SN_2",
      "tgt": "SN_1",
      "weight": 0.9146999716758728
    },
    {
      "src": "SN_EMB_1",
      "tgt": "SN_LOGIT_0",
      "weight": 0.8234000205993652
    },
    {
      "src": "SN_EMB_0",
      "tgt": "SN_EMB_1",
      "weight": 0.7940000295639038
    },
    {
      "src": "SN_1",
      "tgt": "SN_0",
      "weight": 0.7889999747276306
    },
    {
      "src": "SN_EMB_1",
      "tgt": "SN_EMB_0",
      "weight": 0.7825000286102295
    },
    {
      "src": "SN_2",
      "tgt": "SN_LOGIT_0",
      "weight": 0.733299970626831
    },
    {
      "src": "SN_1",
      "tgt": "SN_LOGIT_0",
      "weight": 0.6414999961853027
    }
  ],
  "bottleneck_sns": [
    {
      "sn": "SN_3",
      "in_minus_out": 7.936800122261047
    },
    {
      "sn": "SN_0",
      "in_minus_out": -6.702699959278107
    },
    {
      "sn": "SN_EMB_0",
      "in_minus_out": -5.228899836540222
    },
    {
      "sn": "SN_LOGIT_0",
      "in_minus_out": 4.833899974822998
    },
    {
      "sn": "SN_EMB_1",
      "in_minus_out": -3.867900013923645
    },
    {
      "sn": "SN_4",
      "in_minus_out": 1.9590998888015747
    },
    {
      "sn": "SN_1",
      "in_minus_out": 0.6013997793197632
    },
    {
      "sn": "SN_2",
      "in_minus_out": 0.4683000445365906
    }
  ]
}