{
  "2": {
    "total": 0.6931192505170026,
    "total_base": 0.6931192505170026,
    "intra_sim": 0.45157625767733106,
    "dag_safety": 1.0,
    "flow_balance": 0.5044316467013669,
    "attr_balance": 0.5044316467013669,
    "size_score": 0.9076923076923077,
    "n_middle": 2,
    "n_warnings": 0,
    "inf_conservation": 1.000000057509367,
    "edge_conservation": 0.0251572327044025,
    "details": {
      "SN_0": {
        "intra_sim": 0.11295604366487436,
        "n": 34
      },
      "SN_1": {
        "intra_sim": 0.21432917792574122,
        "n": 31
      }
    }
  },
  "3": {
    "total": 0.8131161729793259,
    "total_base": 0.8131161729793259,
    "intra_sim": 0.5,
    "dag_safety": 1.0,
    "flow_balance": 0.9140031534557649,
    "attr_balance": 0.9140031534557649,
    "size_score": 0.9230769230769231,
    "n_middle": 3,
    "n_warnings": 0,
    "inf_conservation": 0.9999999867285162,
    "edge_conservation": 0.037037037037037014,
    "details": {
      "SN_0": {
        "intra_sim": 0.13826152330667205,
        "n": 28
      },
      "SN_1": {
        "intra_sim": 0.2543138996244555,
        "n": 20
      },
      "SN_2": {
        "intra_sim": 0.35639878052204627,
        "n": 17
      }
    }
  },
  "4": {
    "total": 0.7862528196265892,
    "total_base": 0.7862528196265892,
    "intra_sim": 0.5,
    "dag_safety": 0.8333333333333334,
    "flow_balance": 0.9609087144037927,
    "attr_balance": 0.9609087144037927,
    "size_score": 0.9384615384615385,
    "n_middle": 4,
    "n_warnings": 1,
    "inf_conservation": 1.0000000221189416,
    "edge_conservation": 0.04961565338923826,
    "details": {
      "SN_0": {
        "intra_sim": 0.20075664272169685,
        "n": 10
      },
      "SN_1": {
        "intra_sim": 0.19249325618923313,
        "n": 20
      },
      "SN_2": {
        "intra_sim": 0.29965435779878713,
        "n": 18
      },
      "SN_3": {
        "intra_sim": 0.35639878052204627,
        "n": 17
      }
    }
  }
}