{
  "2": {
    "total": 0.5883457126156207,
    "total_base": 0.5883457126156207,
    "intra_sim": 0.5226908369238641,
    "dag_safety": 1.0,
    "flow_balance": 0.0,
    "attr_balance": 0.0,
    "size_score": 0.9076923076923077,
    "n_middle": 2,
    "n_warnings": 0,
    "inf_conservation": 1.0000000221189416,
    "edge_conservation": 0.02306079664570229,
    "details": {
      "SN_0": {
        "intra_sim": 0.9352549314498901,
        "n": 2
      },
      "SN_1": {
        "intra_sim": 0.08248485773871071,
        "n": 63
      }
    }
  },
  "3": {
    "total": 0.7333177649436966,
    "total_base": 0.7333177649436966,
    "intra_sim": 0.6211238750696679,
    "dag_safety": 0.6666666666666667,
    "flow_balance": 0.7827942045629799,
    "attr_balance": 0.7827942045629799,
    "size_score": 0.9230769230769231,
    "n_middle": 3,
    "n_warnings": 1,
    "inf_conservation": 1.000000057509367,
    "edge_conservation": 0.03563941299790354,
    "details": {
      "SN_0": {
        "intra_sim": 0.9352549314498901,
        "n": 2
      },
      "SN_1": {
        "intra_sim": 0.08708694131344145,
        "n": 16
      },
      "SN_2": {
        "intra_sim": 0.13156940217181015,
        "n": 47
      }
    }
  },
  "4": {
    "total": 0.8363929580871897,
    "total_base": 0.8363929580871897,
    "intra_sim": 0.625,
    "dag_safety": 1.0,
    "flow_balance": 0.8448026015795281,
    "attr_balance": 0.8448026015795281,
    "size_score": 0.9384615384615385,
    "n_middle": 4,
    "n_warnings": 0,
    "inf_conservation": 1.000000004423729,
    "edge_conservation": 0.04751921733053806,
    "details": {
      "SN_0": {
        "intra_sim": 0.9352549314498901,
        "n": 2
      },
      "SN_1": {
        "intra_sim": 0.13700305753840153,
        "n": 20
      },
      "SN_2": {
        "intra_sim": 0.12132875732383279,
        "n": 9
      },
      "SN_3": {
        "intra_sim": 0.18289368017222565,
        "n": 34
      }
    }
  },
  "5": {
    "total": 0.8155062974218976,
    "total_base": 0.8155062974218976,
    "intra_sim": 0.6,
    "dag_safety": 0.9,
    "flow_balance": 0.8789482666106669,
    "attr_balance": 0.8789482666106669,
    "size_score": 0.9538461538461538,
    "n_middle": 5,
    "n_warnings": 1,
    "inf_conservation": 1.000000053085564,
    "edge_conservation": 0.06219426974143951,
    "details": {
      "SN_0": {
        "intra_sim": 0.9352549314498901,
        "n": 2
      },
      "SN_1": {
        "intra_sim": 0.1718687871725706,
        "n": 9
      },
      "SN_2": {
        "intra_sim": 0.12132875732383279,
        "n": 9
      },
      "SN_3": {
        "intra_sim": 0.18066543571405613,
        "n": 23
      },
      "SN_4": {
        "intra_sim": 0.2357323685113151,
        "n": 22
      }
    }
  }
}