{
  "3": {
    "total": 0.5693587168902923,
    "total_base": 0.5693587168902923,
    "intra_sim": 0.4476136334154021,
    "dag_safety": 1.0,
    "flow_balance": 0.0,
    "attr_balance": 0.0,
    "size_score": 0.9253731343283582,
    "n_middle": 3,
    "n_warnings": 0,
    "inf_conservation": 0.999999909116457,
    "edge_conservation": 0.025495750708215276,
    "details": {
      "SN_0": {
        "intra_sim": 0.23415980730125224,
        "n": 52
      },
      "SN_1": {
        "intra_sim": 0.21278709980348745,
        "n": 4
      },
      "SN_2": {
        "intra_sim": 0.5780379761349071,
        "n": 11
      }
    }
  },
  "4": {
    "total": 0.8318239301657367,
    "total_base": 0.8318239301657367,
    "intra_sim": 0.5,
    "dag_safety": 1.0,
    "flow_balance": 0.9750569146927974,
    "attr_balance": 0.9750569146927974,
    "size_score": 0.9402985074626866,
    "n_middle": 4,
    "n_warnings": 0,
    "inf_conservation": 0.999999909116457,
    "edge_conservation": 0.033994334277620365,
    "details": {
      "SN_0": {
        "intra_sim": 0.3429087425209582,
        "n": 25
      },
      "SN_1": {
        "intra_sim": 0.4074803251627849,
        "n": 27
      },
      "SN_2": {
        "intra_sim": 0.21278709980348745,
        "n": 4
      },
      "SN_3": {
        "intra_sim": 0.5780379761349071,
        "n": 11
      }
    }
  },
  "5": {
    "total": 0.8948090047926023,
    "total_base": 0.8948090047926023,
    "intra_sim": 0.7,
    "dag_safety": 1.0,
    "flow_balance": 0.9750569146927974,
    "attr_balance": 0.9750569146927974,
    "size_score": 0.9552238805970149,
    "n_middle": 5,
    "n_warnings": 0,
    "inf_conservation": 0.999999909116457,
    "edge_conservation": 0.0377714825306893,
    "details": {
      "SN_0": {
        "intra_sim": 0.3429087425209582,
        "n": 25
      },
      "SN_1": {
        "intra_sim": 0.4074803251627849,
        "n": 27
      },
      "SN_2": {
        "intra_sim": 0.5302168726921082,
        "n": 2
      },
      "SN_3": {
        "intra_sim": 0.6136538982391357,
        "n": 2
      },
      "SN_4": {
        "intra_sim": 0.5780379761349071,
        "n": 11
      }
    }
  },
  "6": {
    "total": 0.8403335816236741,
    "total_base": 0.8403335816236741,
    "intra_sim": 0.6666666666666667,
    "dag_safety": 0.9333333333333333,
    "flow_balance": 0.8518815901762883,
    "attr_balance": 0.8518815901762883,
    "size_score": 0.9701492537313433,
    "n_middle": 6,
    "n_warnings": 1,
    "inf_conservation": 0.999999909116457,
    "edge_conservation": 0.051935788479697785,
    "details": {
      "SN_0": {
        "intra_sim": 0.4173072530538775,
        "n": 17
      },
      "SN_1": {
        "intra_sim": 0.4739450275603878,
        "n": 20
      },
      "SN_2": {
        "intra_sim": 0.4810755695427014,
        "n": 15
      },
      "SN_3": {
        "intra_sim": 0.5302168726921082,
        "n": 2
      },
      "SN_4": {
        "intra_sim": 0.6136538982391357,
        "n": 2
      },
      "SN_5": {
        "intra_sim": 0.5780379761349071,
        "n": 11
      }
    }
  },
  "7": {
    "total": 0.8528135499831236,
    "total_base": 0.8528135499831236,
    "intra_sim": 0.6428571428571428,
    "dag_safety": 1.0,
    "flow_balance": 0.8517659270113856,
    "attr_balance": 0.8517659270113856,
    "size_score": 0.9850746268656716,
    "n_middle": 7,
    "n_warnings": 0,
    "inf_conservation": 0.9999999350831628,
    "edge_conservation": 0.06137865911237011,
    "details": {
      "SN_0": {
        "intra_sim": 0.42808368055601465,
        "n": 12
      },
      "SN_1": {
        "intra_sim": 0.5359262046523583,
        "n": 13
      },
      "SN_2": {
        "intra_sim": 0.46646113888268836,
        "n": 12
      },
      "SN_3": {
        "intra_sim": 0.5302168726921082,
        "n": 2
      },
      "SN_4": {
        "intra_sim": 0.6136538982391357,
        "n": 2
      },
      "SN_5": {
        "intra_sim": 0.640080541478736,
        "n": 15
      },
      "SN_6": {
        "intra_sim": 0.5780379761349071,
        "n": 11
      }
    }
  }
}