{
  "2": {
    "total": 0.7352892408497272,
    "total_base": 0.7352892408497272,
    "intra_sim": 0.39830653335187344,
    "dag_safety": 1.0,
    "flow_balance": 0.7348309144214369,
    "attr_balance": 0.7348309144214369,
    "size_score": 0.9104477611940298,
    "n_middle": 2,
    "n_warnings": 0,
    "inf_conservation": 0.999999809577418,
    "edge_conservation": 0.017941454202077416,
    "details": {
      "SN_0": {
        "intra_sim": 0.6196281655796582,
        "n": 46
      },
      "SN_1": {
        "intra_sim": 0.7826875395462659,
        "n": 21
      }
    }
  },
  "3": {
    "total": 0.7206162560180188,
    "total_base": 0.7206162560180188,
    "intra_sim": 0.45844177998007185,
    "dag_safety": 1.0,
    "flow_balance": 0.5920363806333022,
    "attr_balance": 0.5920363806333022,
    "size_score": 0.9253731343283582,
    "n_middle": 3,
    "n_warnings": 0,
    "inf_conservation": 0.999999909116457,
    "edge_conservation": 0.028328611898016973,
    "details": {
      "SN_0": {
        "intra_sim": 0.6265959605242087,
        "n": 33
      },
      "SN_1": {
        "intra_sim": 0.762293939782069,
        "n": 28
      },
      "SN_2": {
        "intra_sim": 0.7549735136055191,
        "n": 6
      }
    }
  },
  "4": {
    "total": 0.7850025817622378,
    "total_base": 0.7850025817622378,
    "intra_sim": 0.48247453308191096,
    "dag_safety": 1.0,
    "flow_balance": 0.8088020813805086,
    "attr_balance": 0.8088020813805086,
    "size_score": 0.9402985074626866,
    "n_middle": 4,
    "n_warnings": 0,
    "inf_conservation": 0.9999998615108296,
    "edge_conservation": 0.036827195467422066,
    "details": {
      "SN_0": {
        "intra_sim": 0.8032044402052971,
        "n": 22
      },
      "SN_1": {
        "intra_sim": 0.6199812914949547,
        "n": 40
      },
      "SN_2": {
        "intra_sim": 1.0,
        "n": 1
      },
      "SN_3": {
        "intra_sim": 0.7973497137496568,
        "n": 4
      }
    }
  }
}