{
  "14": {
    "total": 0.706224039540303,
    "total_base": 0.706224039540303,
    "intra_sim": 0.5,
    "dag_safety": 0.6483516483516483,
    "flow_balance": 0.8451159383809924,
    "attr_balance": 0.8451159383809924,
    "size_score": 0.9142857142857143,
    "n_middle": 14,
    "n_warnings": 32,
    "inf_conservation": 1.000000089051769,
    "edge_conservation": 0.19778393351800544,
    "details": {
      "SN_0": {
        "intra_sim": 0.03216743167667162,
        "n": 7
      },
      "SN_1": {
        "intra_sim": 0.015312826144509017,
        "n": 8
      },
      "SN_2": {
        "intra_sim": 0.02725296321191958,
        "n": 7
      },
      "SN_3": {
        "intra_sim": 0.027536756824702024,
        "n": 4
      },
      "SN_4": {
        "intra_sim": 0.047108517649273075,
        "n": 4
      },
      "SN_5": {
        "intra_sim": 0.06694040720661482,
        "n": 6
      },
      "SN_6": {
        "intra_sim": 0.05428730922618082,
        "n": 8
      },
      "SN_7": {
        "intra_sim": 0.024214287909368675,
        "n": 6
      },
      "SN_8": {
        "intra_sim": 0.029500190013398726,
        "n": 4
      },
      "SN_9": {
        "intra_sim": 0.017997647325197857,
        "n": 4
      },
      "SN_10": {
        "intra_sim": 0.09133472790320714,
        "n": 4
      },
      "SN_11": {
        "intra_sim": 0.06749693863093853,
        "n": 3
      },
      "SN_12": {
        "intra_sim": 0.026393979787826538,
        "n": 3
      },
      "SN_13": {
        "intra_sim": 0.06921178847551346,
        "n": 2
      }
    }
  },
  "15": {
    "total": 0.7522649679957282,
    "total_base": 0.7522649679957282,
    "intra_sim": 0.5333333333333333,
    "dag_safety": 0.8571428571428572,
    "flow_balance": 0.7919170148400552,
    "attr_balance": 0.7919170148400552,
    "size_score": 0.9,
    "n_middle": 15,
    "n_warnings": 15,
    "inf_conservation": 1.0000000847674895,
    "edge_conservation": 0.19833795013850405,
    "details": {
      "SN_0": {
        "intra_sim": 0.02515637644359635,
        "n": 9
      },
      "SN_1": {
        "intra_sim": 0.011191554320976137,
        "n": 5
      },
      "SN_2": {
        "intra_sim": 0.03331954792762796,
        "n": 10
      },
      "SN_3": {
        "intra_sim": 0.027536756824702024,
        "n": 4
      },
      "SN_4": {
        "intra_sim": 0.07506665339072545,
        "n": 3
      },
      "SN_5": {
        "intra_sim": 0.013935705025990805,
        "n": 3
      },
      "SN_6": {
        "intra_sim": 0.06065491065382957,
        "n": 5
      },
      "SN_7": {
        "intra_sim": 0.048162613064050674,
        "n": 3
      },
      "SN_8": {
        "intra_sim": 0.05428730922618082,
        "n": 8
      },
      "SN_9": {
        "intra_sim": 0.024214287909368675,
        "n": 6
      },
      "SN_10": {
        "intra_sim": 0.04807856337477764,
        "n": 6
      },
      "SN_11": {
        "intra_sim": 0.047769855707883835,
        "n": 2
      },
      "SN_12": {
        "intra_sim": 0.06749693863093853,
        "n": 3
      },
      "SN_13": {
        "intra_sim": 0.06921178847551346,
        "n": 2
      },
      "SN_14": {
        "intra_sim": 1.0,
        "n": 1
      }
    }
  },
  "16": {
    "total": 0.7134812562672953,
    "total_base": 0.7134812562672953,
    "intra_sim": 0.5,
    "dag_safety": 0.675,
    "flow_balance": 0.8703535964977526,
    "attr_balance": 0.8703535964977526,
    "size_score": 0.8857142857142857,
    "n_middle": 16,
    "n_warnings": 39,
    "inf_conservation": 1.0000000789531103,
    "edge_conservation": 0.23324099722991679,
    "details": {
      "SN_0": {
        "intra_sim": 0.044937611743807795,
        "n": 6
      },
      "SN_1": {
        "intra_sim": 0.016039733154078323,
        "n": 3
      },
      "SN_2": {
        "intra_sim": 0.02766738277859986,
        "n": 5
      },
      "SN_3": {
        "intra_sim": 0.04148736409842968,
        "n": 3
      },
      "SN_4": {
        "intra_sim": 0.02353170809025566,
        "n": 4
      },
      "SN_5": {
        "intra_sim": 0.011410433488587538,
        "n": 3
      },
      "SN_6": {
        "intra_sim": 0.047108517649273075,
        "n": 4
      },
      "SN_7": {
        "intra_sim": 0.04860761637489001,
        "n": 6
      },
      "SN_8": {
        "intra_sim": 0.024214287909368675,
        "n": 6
      },
      "SN_9": {
        "intra_sim": 0.06235705387024652,
        "n": 7
      },
      "SN_10": {
        "intra_sim": 0.02461036667227745,
        "n": 3
      },
      "SN_11": {
        "intra_sim": 0.048162613064050674,
        "n": 3
      },
      "SN_12": {
        "intra_sim": 0.04676786244713834,
        "n": 8
      },
      "SN_13": {
        "intra_sim": 0.018418483280887205,
        "n": 4
      },
      "SN_14": {
        "intra_sim": 0.06749693863093853,
        "n": 3
      },
      "SN_15": {
        "intra_sim": 0.06921178847551346,
        "n": 2
      }
    }
  },
  "17": {
    "total": 0.7656023258034523,
    "total_base": 0.7656023258034523,
    "intra_sim": 0.5588235294117647,
    "dag_safety": 0.8602941176470589,
    "flow_balance": 0.8343840931297759,
    "attr_balance": 0.8343840931297759,
    "size_score": 0.8714285714285714,
    "n_middle": 17,
    "n_warnings": 19,
    "inf_conservation": 1.00000008078923,
    "edge_conservation": 0.2260387811634348,
    "details": {
      "SN_0": {
        "intra_sim": 0.03328705667739823,
        "n": 7
      },
      "SN_1": {
        "intra_sim": 0.025993000250309706,
        "n": 4
      },
      "SN_2": {
        "intra_sim": 0.04148736409842968,
        "n": 3
      },
      "SN_3": {
        "intra_sim": 0.025143399368971586,
        "n": 6
      },
      "SN_4": {
        "intra_sim": 0.047108517649273075,
        "n": 4
      },
      "SN_5": {
        "intra_sim": 0.026484353467822075,
        "n": 2
      },
      "SN_6": {
        "intra_sim": 0.03510545341608425,
        "n": 9
      },
      "SN_7": {
        "intra_sim": 0.023907796014100313,
        "n": 5
      },
      "SN_8": {
        "intra_sim": 0.06235705387024652,
        "n": 7
      },
      "SN_9": {
        "intra_sim": 0.060374082221339144,
        "n": 4
      },
      "SN_10": {
        "intra_sim": 0.017997647325197857,
        "n": 4
      },
      "SN_11": {
        "intra_sim": 0.027850540541112422,
        "n": 5
      },
      "SN_12": {
        "intra_sim": 0.06749693863093853,
        "n": 3
      },
      "SN_13": {
        "intra_sim": 0.021589917441209156,
        "n": 3
      },
      "SN_14": {
        "intra_sim": 0.06921178847551346,
        "n": 2
      },
      "SN_15": {
        "intra_sim": 1.0,
        "n": 1
      },
      "SN_16": {
        "intra_sim": 1.0,
        "n": 1
      }
    }
  },
  "18": {
    "total": 0.7526441766792827,
    "total_base": 0.7526441766792827,
    "intra_sim": 0.5555555555555556,
    "dag_safety": 0.8235294117647058,
    "flow_balance": 0.8346663425714723,
    "attr_balance": 0.8346663425714723,
    "size_score": 0.8571428571428572,
    "n_middle": 18,
    "n_warnings": 27,
    "inf_conservation": 1.0000000746688307,
    "edge_conservation": 0.24432132963988906,
    "details": {
      "SN_0": {
        "intra_sim": 0.03533252701163292,
        "n": 6
      },
      "SN_1": {
        "intra_sim": 0.011958975344896317,
        "n": 2
      },
      "SN_2": {
        "intra_sim": 0.025993000250309706,
        "n": 4
      },
      "SN_3": {
        "intra_sim": 0.027536756824702024,
        "n": 4
      },
      "SN_4": {
        "intra_sim": 0.047108517649273075,
        "n": 4
      },
      "SN_5": {
        "intra_sim": 0.0163293550722301,
        "n": 4
      },
      "SN_6": {
        "intra_sim": 0.02492776544143756,
        "n": 6
      },
      "SN_7": {
        "intra_sim": 0.03177904663607478,
        "n": 5
      },
      "SN_8": {
        "intra_sim": 0.06235705387024652,
        "n": 7
      },
      "SN_9": {
        "intra_sim": 0.06065491065382957,