{
  "2": {
    "total": 0.4244310604690045,
    "total_base": 0.4244310604690045,
    "intra_sim": 0.40226500800722914,
    "dag_safety": 0.0,
    "flow_balance": 0.48357766083877146,
    "attr_balance": 0.48357766083877146,
    "size_score": 0.9142857142857143,
    "n_middle": 2,
    "n_warnings": 1,
    "inf_conservation": 1.000000027541756,
    "edge_conservation": 0.021052631578947358,
    "details": {
      "SN_0": {
        "intra_sim": 0.9597072832068267,
        "n": 8
      },
      "SN_1": {
        "intra_sim": 0.5762033255403985,
        "n": 62
      }
    }
  },
  "3": {
    "total": 0.6093642034126296,
    "total_base": 0.6093642034126296,
    "intra_sim": 0.45362947636279083,
    "dag_safety": 0.6666666666666667,
    "flow_balance": 0.4835776324913601,
    "attr_balance": 0.4835776324913601,
    "size_score": 0.9285714285714286,
    "n_middle": 3,
    "n_warnings": 1,
    "inf_conservation": 1.0000000667123117,
    "edge_conservation": 0.02936288088642658,
    "details": {
      "SN_0": {
        "intra_sim": 0.9597072832068267,
        "n": 8
      },
      "SN_1": {
        "intra_sim": 0.5751046350705273,
        "n": 60
      },
      "SN_2": {
        "intra_sim": 0.9329301940005432,
        "n": 2
      }
    }
  },
  "4": {
    "total": 0.6830918151953396,
    "total_base": 0.6830918151953396,
    "intra_sim": 0.5153602827586932,
    "dag_safety": 0.5,
    "flow_balance": 0.8596492071852123,
    "attr_balance": 0.8596492071852123,
    "size_score": 0.9428571428571428,
    "n_middle": 4,
    "n_warnings": 3,
    "inf_conservation": 1.0000000862975895,
    "edge_conservation": 0.04044321329639887,
    "details": {
      "SN_0": {
        "intra_sim": 0.9597072832068267,
        "n": 8
      },
      "SN_1": {
        "intra_sim": 0.7415551236176499,
        "n": 18
      },
      "SN_2": {
        "intra_sim": 0.5897527160306353,
        "n": 42
      },
      "SN_3": {
        "intra_sim": 0.9329301940005432,
        "n": 2
      }
    }
  }
}