{
  "graph_name": "clt-hp-p07-fact-the-inventor-of-20260424-171211-217697_prune_graph",
  "dataset": "clt-hp",
  "graph_path": "/workspace/demos/subgraph/clt-hp/clt-hp-p07-fact-the-inventor-of-20260424-171211-217697_prune_graph.pt",
  "method": "ours-arith-cos_relu-node",
  "method_family": "ours",
  "mean_method": "arith",
  "normalization": "cos_relu",
  "similarity_mode": "node",
  "best_k": 4,
  "auto_k_candidates": 3,
  "n_supernodes": 7,
  "total": 0.9288403893232149,
  "total_base": 0.9288403893232149,
  "intra_sim": 0.8388654851975349,
  "dag_safety": 1.0,
  "attr_balance": 0.9620563083891512,
  "size_score": 0.9333333333333333,
  "n_middle": 4,
  "n_warnings": 0,
  "inf_conservation": 0.9999999999999208,
  "edge_conservation": 0.20430107526881502,
  "within_cluster_weighted_edge_cosine_mean": 0.6552916374930378,
  "F_phi": 0.6410747175190441,
  "path_score": 0.9821577473243082,
  "residual_score": 0.0,
  "shortcut_score": 0.8273720619644027,
  "D_phi": 0.01784225267569184,
  "R_phi": 6.292757054128726,
  "R_phi_balance": 6.292757054128726,
  "R_phi_suppressive": 0.0,
  "R_phi_max": 21.422029702753107,
  "shortcut_frac": 0.17262793803559726,
  "sigma_phi": 0.17262793803559726,
  "top_k_frac": 0.9821577473243082,
  "n_paths": 17,
  "n_shortcuts": 5,
  "n_direct": 12,
  "n_suppressive": 0,
  "n_balanced": 4,
  "result_path": "/workspace/eval_outputs/clustering/runs/clt-hp-p07-fact-the-inventor-of-20260424-171211-217697_prune_graph/ours-arith-cos_relu-node/result.json",
  "supernode_map_path": "/workspace/eval_outputs/clustering/runs/clt-hp-p07-fact-the-inventor-of-20260424-171211-217697_prune_graph/ours-arith-cos_relu-node/supernode_map.json",
  "auto_k_sweep_path": "/workspace/eval_outputs/clustering/runs/clt-hp-p07-fact-the-inventor-of-20260424-171211-217697_prune_graph/ours-arith-cos_relu-node/auto_k_sweep.json",
  "flow_report_path": "/workspace/eval_outputs/clustering/runs/clt-hp-p07-fact-the-inventor-of-20260424-171211-217697_prune_graph/ours-arith-cos_relu-node/flow_report.json",
  "final_supernodes": {
    "SN_0": [
      "16_79358_12",
      "17_7609_12"
    ],
    "SN_1": [
      "18_31903_12",
      "18_77257_12",
      "19_102_12",
      "19_21893_12",
      "19_49807_12"
    ],
    "SN_2": [
      "18_55190_12",
      "18_85767_12",
      "19_36656_12",
      "20_94238_12",
      "21_68487_12"
    ],
    "SN_3": [
      "22_9278_12",
      "22_12742_12",
      "22_61729_12"
    ],
    "SN_EMB_0": [
      "E_81312_4"
    ],
    "SN_EMB_1": [
      "E_19909_7"
    ],
    "SN_LOGIT_0": [
      "27_16188_12"
    ]
  },
  "score_details": {
    "SN_0": {
      "intra_sim": 0.49373355507850647,
      "n": 2
    },
    "SN_1": {
      "intra_sim": 0.9197011172771454,
      "n": 5
    },
    "SN_2": {
      "intra_sim": 0.735742187127471,
      "n": 5
    },
    "SN_3": {
      "intra_sim": 0.8703846136728922,
      "n": 3
    }
  },
  "flow_report": {
    "path_decomposition": {
      "paths": [
        {
          "path": [
            "SN_EMB_1",
            "SN_LOGIT_0"
          ],
          "flow": 4.15625,
          "frac": 0.3580299067297731,
          "length": 2
        },
        {
          "path": [
            "SN_EMB_1",
            "SN_2",
            "SN_LOGIT_0"
          ],
          "flow": 2.1274301994805302,
          "frac": 0.18326222818505064,
          "length": 3
        },
        {
          "path": [
            "SN_EMB_1",
            "SN_3",
            "SN_LOGIT_0"
          ],
          "flow": 1.529947966337204,
          "frac": 0.13179359463196755,
          "length": 3
        },
        {
          "path": [
            "SN_EMB_0",
            "SN_LOGIT_0"
          ],
          "flow": 1.4609375,
          "frac": 0.12584885819260822,
          "length": 2
        },
        {
          "path": [
            "SN_EMB_1",
            "SN_1",
            "SN_LOGIT_0"
          ],
          "flow": 1.0248552238150253,
          "frac": 0.08828362591134176,
          "length": 3
        },
        {
          "path": [
            "SN_EMB_0",
            "SN_1",
            "SN_LOGIT_0"
          ],
          "flow": 0.5803630907588875,
          "frac": 0.049993947249036344,
          "length": 3
        },
        {
          "path": [
            "SN_EMB_1",
            "SN_2",
            "SN_3",
            "SN_LOGIT_0"
          ],
          "flow": 0.1756885615282524,
          "frac": 0.015134257876077764,
          "length": 4
        },
        {
          "path": [
            "SN_EMB_0",
            "SN_3",
            "SN_LOGIT_0"
          ],
          "flow": 0.137939453125,
          "frac": 0.011882454023867586,
          "length": 3
        },
        {
          "path": [
            "SN_EMB_0",
            "SN_0",
            "SN_LOGIT_0"
          ],
          "flow": 0.11463182259962147,
          "frac": 0.00987467567004063,
          "length": 3
        },
        {
          "path": [
            "SN_EMB_1",
            "SN_1",
            "SN_2",
            "SN_LOGIT_0"
          ],
          "flow": 0.0934985132805307,
          "frac": 0.008054198854544567,
          "length": 4
        }
      ],
      "total_flow": 11.60866710259659,
      "n_paths": 17,
      "concentration": {
        "1": 0.3580299067297731,
        "2": 0.5412921349148238,
        "3": 0.6730857295467912,
        "4": 0.7989345877393995,
        "5": 0.8872182136507413,
        "6": 0.9372121608997775,
        "7": 0.9523464187758554,
        "8": 0.9642288727997229,
        "9": 0.9741035484697635,
        "10": 0.9821577473243082,
        "11": 0.9893166234210572,
        "12": 0.9938776186057329
      },
      "D_phi": 0.01784225267569184,
      "top_k": 10,
      "top_k_frac": 0.9821577473243082
    },
    "local_residuals": {
      "per_sn": {
        "SN_0": {
          "in_flow_pos": 0.0986328125,
          "in_flow_neg": 0.0,
          "in_flow_net": 0.0986328125,
          "out_flow_pos": 0.9996337890625,
          "out_flow_neg": -0.1748046875,
          "inf_exit": 1.38671875,
          "total_out": 2.2115478515625,
          "residual_abs": 2.1129150390625,
          "residual_rel": 21.422029702753107,
          "balance": -2.1129150390625,
          "is_suppressive": false,
          "suppression_rel": null
        },
        "SN_1": {
          "in_flow_pos": 1.8486328125,
          "in_flow_neg": 0.0,
          "in_flow_net": 1.8486328125,
          "out_flow_pos": 1.2254083752632141,
          "out_flow_neg": 0.0,
          "inf_exit": 2.998046875,
          "total_out": 4.223455250263214,
          "residual_abs": 2.374822437763214,
          "residual_rel": 1.2846371771094642,
          "balance": -2.374822437763214,
          "is_suppressive": false,
          "suppression_rel": null
        },
        "SN_2": {
          "in_flow_pos": 2.390454053878784,
          "in_flow_neg": -0.0999755859375,
          "in_flow_net": 2.290478467941284,
          "out_flow_pos": 1.0694254338741302,
          "out_flow_neg": 0.0,
          "inf_exit": 3.65625,
          "total_out": 4.72567543387413,
          "residual_abs": 2.435196965932846,
          "residual_rel": 1.063182649396645,
          "balance": -2.435196965932846,
          "is_suppressive": false,
          "suppression_rel": null
        },
        "SN_3": {
          "in_flow_pos": 1.9447687566280365,
          "in_flow_neg": -0.1748046875,
          "in_flow_net": 1.7699640691280365,
          "out_flow_pos": 1.0625,
          "out_flow_neg": 0.0,
          "inf_exit": 3.1875,
          "total_out": 4.25,
          "residual_abs": 2.4800359308719635,
          "residual_rel": 1.4011786872556904,
          "balance": -2.4800359308719635,
          "is_suppressive": false,
          "suppression_rel": null
        }
      },
      "R_phi_balance": 6.292757054128726,
      "R_phi_suppressive": 0.0,
      "R_phi_max": 21.422029702753107,
      "R_phi": 6.292757054128726,
      "n_middle": 4,
      "n_suppressive": 0,