{
  "2": {
    "total": 0.5815384615384616,
    "total_base": 0.5815384615384616,
    "intra_sim": 0.5,
    "dag_safety": 1.0,
    "flow_balance": 0.0,
    "attr_balance": 0.0,
    "size_score": 0.9076923076923077,
    "n_middle": 2,
    "n_warnings": 0,
    "inf_conservation": 1.0000000221189416,
    "edge_conservation": 0.025856044723969237,
    "details": {
      "SN_0": {
        "intra_sim": 0.048396493193547684,
        "n": 47
      },
      "SN_1": {
        "intra_sim": 0.14495714869121168,
        "n": 18
      }
    }
  },
  "3": {
    "total": 0.6346153846153846,
    "total_base": 0.6346153846153846,
    "intra_sim": 0.6666666666666667,
    "dag_safety": 1.0,
    "flow_balance": 0.0,
    "attr_balance": 0.0,
    "size_score": 0.9230769230769231,
    "n_middle": 3,
    "n_warnings": 0,
    "inf_conservation": 1.0000000221189416,
    "edge_conservation": 0.03563941299790354,
    "details": {
      "SN_0": {
        "intra_sim": 0.9352549314498901,
        "n": 2
      },
      "SN_1": {
        "intra_sim": 0.05171660828064494,
        "n": 45
      },
      "SN_2": {
        "intra_sim": 0.14495714869121168,
        "n": 18
      }
    }
  },
  "4": {
    "total": 0.7860710120599405,
    "total_base": 0.7860710120599405,
    "intra_sim": 0.625,
    "dag_safety": 1.0,
    "flow_balance": 0.6435148174705311,
    "attr_balance": 0.6435148174705311,
    "size_score": 0.9384615384615385,
    "n_middle": 4,
    "n_warnings": 0,
    "inf_conservation": 0.9999999867285162,
    "edge_conservation": 0.048916841369671525,
    "details": {
      "SN_0": {
        "intra_sim": 0.9352549314498901,
        "n": 2
      },
      "SN_1": {
        "intra_sim": 0.09504746769127378,
        "n": 29
      },
      "SN_2": {
        "intra_sim": 0.06638029200682165,
        "n": 16
      },
      "SN_3": {
        "intra_sim": 0.14495714869121168,
        "n": 18
      }
    }
  },
  "5": {
    "total": 0.7934577054959204,
    "total_base": 0.7934577054959204,
    "intra_sim": 0.6,
    "dag_safety": 0.8,
    "flow_balance": 0.8907538989067587,
    "attr_balance": 0.8907538989067587,
    "size_score": 0.9538461538461538,
    "n_middle": 5,
    "n_warnings": 2,
    "inf_conservation": 0.9999999867285162,
    "edge_conservation": 0.06359189378057299,
    "details": {
      "SN_0": {
        "intra_sim": 0.9352549314498901,
        "n": 2
      },
      "SN_1": {
        "intra_sim": 0.10611287144640788,
        "n": 24
      },
      "SN_2": {
        "intra_sim": 0.08205560391361359,
        "n": 11
      },
      "SN_3": {
        "intra_sim": 0.18798764871106768,
        "n": 10
      },
      "SN_4": {
        "intra_sim": 0.14495714869121168,
        "n": 18
      }
    }
  },
  "6": {
    "total": 0.8082012952395102,
    "total_base": 0.8082012952395102,
    "intra_sim": 0.5833333333333333,
    "dag_safety": 0.8666666666666667,
    "flow_balance": 0.8907538989067587,
    "attr_balance": 0.8907538989067587,
    "size_score": 0.9692307692307692,
    "n_middle": 6,
    "n_warnings": 2,
    "inf_conservation": 0.9999999778809099,
    "edge_conservation": 0.07686932215234098,
    "details": {
      "SN_0": {
        "intra_sim": 0.9352549314498901,
        "n": 2
      },
      "SN_1": {
        "intra_sim": 0.10611287144640788,
        "n": 24
      },
      "SN_2": {
        "intra_sim": 0.08205560391361359,
        "n": 11
      },
      "SN_3": {
        "intra_sim": 0.18798764871106768,
        "n": 10
      },
      "SN_4": {
        "intra_sim": 0.1853971134575089,
        "n": 14
      },
      "SN_5": {
        "intra_sim": 0.4526364505290985,
        "n": 4
      }
    }
  }
}