{
  "17": {
    "total": 0.7847982967490752,
    "total_base": 0.7847982967490752,
    "intra_sim": 0.8235294117647058,
    "dag_safety": 0.9926470588235294,
    "flow_balance": 0.4657735206222886,
    "attr_balance": 0.4657735206222886,
    "size_score": 0.8656716417910448,
    "n_middle": 17,
    "n_warnings": 1,
    "inf_conservation": 0.9999999296734324,
    "edge_conservation": 0.15580736543909335,
    "details": {
      "SN_0": {
        "intra_sim": 0.9319025874137878,
        "n": 2
      },
      "SN_1": {
        "intra_sim": 0.008272498671431094,
        "n": 3
      },
      "SN_2": {
        "intra_sim": 0.45263735434855334,
        "n": 12
      },
      "SN_3": {
        "intra_sim": 0.0395546481013298,
        "n": 2
      },
      "SN_4": {
        "intra_sim": 1.0,
        "n": 1
      },
      "SN_5": {
        "intra_sim": 1.0,
        "n": 1
      },
      "SN_6": {
        "intra_sim": 0.38501573993200483,
        "n": 29
      },
      "SN_7": {
        "intra_sim": 0.6140600641568502,
        "n": 3
      },
      "SN_8": {
        "intra_sim": 0.44435158371925354,
        "n": 2
      },
      "SN_9": {
        "intra_sim": 1.0,
        "n": 1
      },
      "SN_10": {
        "intra_sim": 1.0,
        "n": 1
      },
      "SN_11": {
        "intra_sim": 1.0,
        "n": 2
      },
      "SN_12": {
        "intra_sim": 1.0,
        "n": 1
      },
      "SN_13": {
        "intra_sim": 0.6816911945740382,
        "n": 4
      },
      "SN_14": {
        "intra_sim": 1.0,
        "n": 1
      },
      "SN_15": {
        "intra_sim": 1.0,
        "n": 1
      },
      "SN_16": {
        "intra_sim": 1.0,
        "n": 1
      }
    }
  },
  "18": {
    "total": 0.7898788079133205,
    "total_base": 0.7898788079133205,
    "intra_sim": 0.8333333333333334,
    "dag_safety": 0.9934640522875817,
    "flow_balance": 0.4854541644403276,
    "attr_balance": 0.4854541644403276,
    "size_score": 0.8507462686567164,
    "n_middle": 18,
    "n_warnings": 1,
    "inf_conservation": 0.9999999361651088,
    "edge_conservation": 0.16808309726156737,
    "details": {
      "SN_0": {
        "intra_sim": 0.9319025874137878,
        "n": 2
      },
      "SN_1": {
        "intra_sim": 0.47417287260205265,
        "n": 7
      },
      "SN_2": {
        "intra_sim": 0.45391720831006144,
        "n": 6
      },
      "SN_3": {
        "intra_sim": 0.0395546481013298,
        "n": 2
      },
      "SN_4": {
        "intra_sim": 1.0,
        "n": 1
      },
      "SN_5": {
        "intra_sim": 1.0,
        "n": 1
      },
      "SN_6": {
        "intra_sim": 0.3382763557568861,
        "n": 32
      },
      "SN_7": {
        "intra_sim": 0.6140600641568502,
        "n": 3
      },
      "SN_8": {
        "intra_sim": 0.44435158371925354,
        "n": 2
      },
      "SN_9": {
        "intra_sim": 1.0,
        "n": 1
      },
      "SN_10": {
        "intra_sim": 1.0,
        "n": 1
      },
      "SN_11": {
        "intra_sim": 0.024002332240343094,
        "n": 2
      },
      "SN_12": {
        "intra_sim": 1.0,
        "n": 2
      },
      "SN_13": {
        "intra_sim": 1.0,
        "n": 1
      },
      "SN_14": {
        "intra_sim": 1.0,
        "n": 1
      },
      "SN_15": {
        "intra_sim": 1.0,
        "n": 1
      },
      "SN_16": {
        "intra_sim": 1.0,
        "n": 1
      },
      "SN_17": {
        "intra_sim": 1.0,
        "n": 1
      }
    }
  },
  "19": {
    "total": 0.7831506549149116,
    "total_base": 0.7831506549149116,
    "intra_sim": 0.8421052631578947,
    "dag_safety": 1.0,
    "flow_balance": 0.45341958745226246,
    "attr_balance": 0.45341958745226246,
    "size_score": 0.835820895522388,
    "n_middle": 19,
    "n_warnings": 0,
    "inf_conservation": 0.9999999729512755,
    "edge_conservation": 0.17091595845136906,
    "details": {
      "SN_0": {
        "intra_sim": 0.9319025874137878,
        "n": 2
      },
      "SN_1": {
        "intra_sim": 1.0,
        "n": 1
      },
      "SN_2": {
        "intra_sim": 0.45263735434855334,
        "n": 12
      },
      "SN_3": {
        "intra_sim": 0.0395546481013298,
        "n": 2
      },
      "SN_4": {
        "intra_sim": 1.0,
        "n": 1
      },
      "SN_5": {
        "intra_sim": 1.0,
        "n": 1
      },
      "SN_6": {
        "intra_sim": 0.38885416775216974,
        "n": 29
      },
      "SN_7": {
        "intra_sim": 0.6140600641568502,
        "n": 3
      },
      "SN_8": {
        "intra_sim": 0.44435158371925354,
        "n": 2
      },
      "SN_9": {
        "intra_sim": 1.0,
        "n": 1
      },
      "SN_10": {
        "intra_sim": 1.0,
        "n": 1
      },
      "SN_11": {
        "intra_sim": 0.024002332240343094,
        "n": 2
      },
      "SN_12": {
        "intra_sim": 1.0,
        "n": 2
      },
      "SN_13": {
        "intra_sim": 1.0,
        "n": 1
      },
      "SN_14": {
        "intra_sim": 1.0,
        "n": 1
      },
      "SN_15": {
        "intra_sim": 1.0,
        "n": 1
      },
      "SN_16": {
        "intra_sim": 1.0,
        "n": 1
      },
      "SN_17": {
        "intra_sim": 0.47640300790468854,
        "n": 3
      },
      "SN_18": {
        "intra_sim": 1.0,
        "n": 1
      }
    }
  },
  "20": {
    "total": 0.8079126467260773,
    "total_base": 0.8079126467260773,
    "intra_sim": 0.875,
    "dag_safety": 1.0,
    "flow_balance": 0.5249341689938618,
    "attr_balance": 0.5249341689938618,
    "size_score": 0.8208955223880597,
    "n_middle": 20,
    "n_warnings": 0,
    "inf_conservation": 0.9999998766580747,
    "edge_conservation": 0.18791312559017925,
    "details": {
      "SN_0": {
        "intra_sim": 0.9319025874137878,
        "n": 2
      },
      "SN_1": {
        "intra_sim": 1.0,
        "n": 1
      },
      "SN_2": {
        "intra_sim": 0.5549722824777875,
        "n": 7
      },
      "SN_3": {
        "intra_sim": 0.0395546481013298,
        "n": 2
      },
      "SN_4": {
        "intra_sim": 0.5807847827672958,
        "n": 5
      },
      "SN_5": {
        "intra_sim": 1.0,
        "n": 1
      },
      "SN_6": {
        "intra_sim": 1.0,
        "n": 1
      },
      "SN_7": {
        "intra_sim": 0.36383671687250047,
        "n": 30
      },
      "SN_8": {
        "intra_sim": 1.0,
        "n": 1
      },
      "SN_9": {
        "intra_sim": 0.8421801924705505,
        "n": 2
      },
      "SN_10": {
        "intra_sim": 0.44435158371925354,
        "n": 2
      },
      "SN_11": {
        "intra_sim": 1.0,
        "n": 1
      },
      "SN_12": {
        "intra_sim": 1.0,
        "n": 1
      },
      "SN_13": {
        "intra_sim": 0.024002332240343094,
        "n": 2
      },
      "SN_14": {
        "intra_sim": 1.0,
        "n": 2
      },
      "SN_15": {
        "intra_sim": 1.0,
        "n": 1
      },
      "SN_16": {
        "intra_sim": 1.0,
        "n": 2
      },
      "SN_17": {
        "intra_sim": 1.0,
        "n": 1
      },
      "SN_18": {
        "intra_sim": 1.0,
        "n": 1
      },
      "SN_19": {
        "intra_sim": 1.0,
        "n": 2
      }
    }
  },
  "21": {
    "total": 0.781603872806684,
    "total_base": 0.781603872806684,
    "intra_sim": 0.9285714285714286,
    "dag_safety": 1.0,
    "flow_balance": 0.36735365753803656,
    "attr_balance": 0.36735365753803656,
    "size_score": 0.8059701492537313,
    "n_middle": 21,
    "n_warnings": 0,
    "inf_conservation": 0.9999999177720256,
    "edge_conservation": 0.19641170915958434,
    "details": {
      "SN_0": {
        "intra_sim": 0.9319025874137878,
        "n": 2
      },
      "SN_1": {
        "intra_sim": 1.0,
        "n": 1
      },
      "SN_2": {
        "intra_sim": 0.28044903282351386,
        "n": 35
      },
      "SN_3": {
        "intra_sim": 0.0395546481013298,
        "n": 2
      },
      "SN_4": {
        "intra_sim": 0.8042094806830088,
        "n": 4
      },
      "SN_5": {
        "intra_sim": 0.6487269699573517,
        "n": 3
      },