{
  "2": {
    "total": 0.8019877272677974,
    "total_base": 0.8019877272677974,
    "intra_sim": 0.42574782478338635,
    "dag_safety": 1.0,
    "flow_balance": 0.9656249479025548,
    "attr_balance": 0.9656249479025548,
    "size_score": 0.9142857142857143,
    "n_middle": 2,
    "n_warnings": 0,
    "inf_conservation": 1.0000001058828671,
    "edge_conservation": 0.021052631578947358,
    "details": {
      "SN_0": {
        "intra_sim": 0.13752067768146575,
        "n": 30
      },
      "SN_1": {
        "intra_sim": 0.09736903453908868,
        "n": 40
      }
    }
  },
  "3": {
    "total": 0.658065295528309,
    "total_base": 0.658065295528309,
    "intra_sim": 0.5,
    "dag_safety": 0.6666666666666667,
    "flow_balance": 0.6227373725894264,
    "attr_balance": 0.6227373725894264,
    "size_score": 0.9285714285714286,
    "n_middle": 3,
    "n_warnings": 1,
    "inf_conservation": 1.0000000740567907,
    "edge_conservation": 0.03102493074792242,
    "details": {
      "SN_0": {
        "intra_sim": 0.1605589694020191,
        "n": 32
      },
      "SN_1": {
        "intra_sim": 0.08984633416254101,
        "n": 21
      },
      "SN_2": {
        "intra_sim": 0.21449941305914924,
        "n": 17
      }
    }
  },
  "4": {
    "total": 0.7468304975224183,
    "total_base": 0.7468304975224183,
    "intra_sim": 0.625,
    "dag_safety": 0.8333333333333334,
    "flow_balance": 0.6497029424706249,
    "attr_balance": 0.6497029424706249,
    "size_score": 0.9428571428571428,
    "n_middle": 4,
    "n_warnings": 1,
    "inf_conservation": 1.0000000838494296,
    "edge_conservation": 0.040997229916897485,
    "details": {
      "SN_0": {
        "intra_sim": 0.16333447539303844,
        "n": 31
      },
      "SN_1": {
        "intra_sim": 0.10517031661941457,
        "n": 19
      },
      "SN_2": {
        "intra_sim": 0.6063018441200256,
        "n": 2
      },
      "SN_3": {
        "intra_sim": 0.2089187083790712,
        "n": 18
      }
    }
  },
  "5": {
    "total": 0.8039293768749729,
    "total_base": 0.8039293768749729,
    "intra_sim": 0.6,
    "dag_safety": 0.9,
    "flow_balance": 0.8300032217856057,
    "attr_balance": 0.8300032217856057,
    "size_score": 0.9571428571428572,
    "n_middle": 5,
    "n_warnings": 1,
    "inf_conservation": 1.0000000936420685,
    "edge_conservation": 0.05318559556786701,
    "details": {
      "SN_0": {
        "intra_sim": 0.25354164765788784,
        "n": 12
      },
      "SN_1": {
        "intra_sim": 0.18092889482477822,
        "n": 26
      },
      "SN_2": {
        "intra_sim": 0.1483374888963281,
        "n": 12
      },
      "SN_3": {
        "intra_sim": 0.6063018441200256,
        "n": 2
      },
      "SN_4": {
        "intra_sim": 0.2089187083790712,
        "n": 18
      }
    }
  }
}