{
  "6": {
    "total": 0.6818190447873496,
    "total_base": 0.6818190447873496,
    "intra_sim": 0.6666666666666667,
    "dag_safety": 1.0,
    "flow_balance": 0.15013332200654106,
    "attr_balance": 0.15013332200654106,
    "size_score": 0.9714285714285714,
    "n_middle": 6,
    "n_warnings": 0,
    "inf_conservation": 1.0000000140768774,
    "edge_conservation": 0.05207756232686978,
    "details": {
      "SN_0": {
        "intra_sim": 0.20782277981440225,
        "n": 3
      },
      "SN_1": {
        "intra_sim": 0.08488806946507631,
        "n": 46
      },
      "SN_2": {
        "intra_sim": 0.0872288539680691,
        "n": 16
      },
      "SN_3": {
        "intra_sim": 0.6063018441200256,
        "n": 2
      },
      "SN_4": {
        "intra_sim": 1.0,
        "n": 1
      },
      "SN_5": {
        "intra_sim": 0.14087465405464172,
        "n": 2
      }
    }
  },
  "7": {
    "total": 0.7704210556492995,
    "total_base": 0.7704210556492995,
    "intra_sim": 0.6428571428571428,
    "dag_safety": 0.9523809523809523,
    "flow_balance": 0.5693032702162459,
    "attr_balance": 0.5693032702162459,
    "size_score": 0.9857142857142858,
    "n_middle": 7,
    "n_warnings": 1,
    "inf_conservation": 1.0000000434547942,
    "edge_conservation": 0.06481994459833791,
    "details": {
      "SN_0": {
        "intra_sim": 0.20782277981440225,
        "n": 3
      },
      "SN_1": {
        "intra_sim": 0.12989427208627036,
        "n": 31
      },
      "SN_2": {
        "intra_sim": 0.0872288539680691,
        "n": 16
      },
      "SN_3": {
        "intra_sim": 0.6063018441200256,
        "n": 2
      },
      "SN_4": {
        "intra_sim": 0.15871319632777678,
        "n": 15
      },
      "SN_5": {
        "intra_sim": 1.0,
        "n": 1
      },
      "SN_6": {
        "intra_sim": 0.14087465405464172,
        "n": 2
      }
    }
  },
  "8": {
    "total": 0.7800502078637803,
    "total_base": 0.7800502078637803,
    "intra_sim": 0.625,
    "dag_safety": 0.9642857142857143,
    "flow_balance": 0.6059151171694069,
    "attr_balance": 0.6059151171694069,
    "size_score": 1.0,
    "n_middle": 8,
    "n_warnings": 1,
    "inf_conservation": 1.0000000850735096,
    "edge_conservation": 0.07645429362880883,
    "details": {
      "SN_0": {
        "intra_sim": 0.20782277981440225,
        "n": 3
      },
      "SN_1": {
        "intra_sim": 0.13647337400474088,
        "n": 31
      },
      "SN_2": {
        "intra_sim": 0.09211610336270597,
        "n": 10
      },
      "SN_3": {
        "intra_sim": 0.6063018441200256,
        "n": 2
      },
      "SN_4": {
        "intra_sim": 0.09776208087181051,
        "n": 10
      },
      "SN_5": {
        "intra_sim": 1.0,
        "n": 1
      },
      "SN_6": {
        "intra_sim": 0.23683231784538789,
        "n": 11
      },
      "SN_7": {
        "intra_sim": 0.14087465405464172,
        "n": 2
      }
    }
  },
  "9": {
    "total": 0.803699236437824,
    "total_base": 0.803699236437824,
    "intra_sim": 0.6111111111111112,
    "dag_safety": 1.0,
    "flow_balance": 0.6928921838465343,
    "attr_balance": 0.6928921838465343,
    "size_score": 0.9857142857142858,
    "n_middle": 9,
    "n_warnings": 0,
    "inf_conservation": 1.0000000887457492,
    "edge_conservation": 0.08753462603878112,
    "details": {
      "SN_0": {
        "intra_sim": 0.20782277981440225,
        "n": 3
      },
      "SN_1": {
        "intra_sim": 0.11191854921317744,
        "n": 11
      },
      "SN_2": {
        "intra_sim": 0.1402923487437268,
        "n": 6
      },
      "SN_3": {
        "intra_sim": 0.6063018441200256,
        "n": 2
      },
      "SN_4": {
        "intra_sim": 0.18845972623212184,
        "n": 23
      },
      "SN_5": {
        "intra_sim": 0.10906934458339079,
        "n": 11
      },
      "SN_6": {
        "intra_sim": 1.0,
        "n": 1
      },
      "SN_7": {
        "intra_sim": 0.23683231784538789,
        "n": 11
      },
      "SN_8": {
        "intra_sim": 0.14087465405464172,
        "n": 2
      }
    }
  },
  "10": {
    "total": 0.7362050625523302,
    "total_base": 0.7362050625523302,
    "intra_sim": 0.6,
    "dag_safety": 0.9555555555555556,
    "flow_balance": 0.49212183751090804,
    "attr_balance": 0.49212183751090804,
    "size_score": 0.9714285714285714,
    "n_middle": 10,
    "n_warnings": 2,
    "inf_conservation": 1.000000071608631,
    "edge_conservation": 0.10027700831024926,
    "details": {
      "SN_0": {
        "intra_sim": 0.20782277981440225,
        "n": 3
      },
      "SN_1": {
        "intra_sim": 0.17744582385057583,
        "n": 6
      },
      "SN_2": {
        "intra_sim": 0.1402923487437268,
        "n": 6
      },
      "SN_3": {
        "intra_sim": 0.6063018441200256,
        "n": 2
      },
      "SN_4": {
        "intra_sim": 0.16882583746031743,
        "n": 26
      },
      "SN_5": {
        "intra_sim": 0.18449901541074118,
        "n": 3
      },
      "SN_6": {
        "intra_sim": 0.1268758458395799,
        "n": 10
      },
      "SN_7": {
        "intra_sim": 1.0,
        "n": 1
      },
      "SN_8": {
        "intra_sim": 0.23683231784538789,
        "n": 11
      },
      "SN_9": {
        "intra_sim": 0.14087465405464172,
        "n": 2
      }
    }
  }
}