{
  "5": {
    "total": 0.7461908012415085,
    "total_base": 0.7461908012415085,
    "intra_sim": 0.5,
    "dag_safety": 0.8,
    "flow_balance": 0.8063848265876556,
    "attr_balance": 0.8063848265876556,
    "size_score": 0.972972972972973,
    "n_middle": 5,
    "n_warnings": 2,
    "inf_conservation": 0.9999999352015734,
    "edge_conservation": 0.16445182724252463,
    "details": {
      "SN_0": {
        "intra_sim": 0.28045800161691237,
        "n": 13
      },
      "SN_1": {
        "intra_sim": 0.44792935997247696,
        "n": 4
      },
      "SN_2": {
        "intra_sim": 0.5436226996992316,
        "n": 7
      },
      "SN_3": {
        "intra_sim": 0.27474107163115624,
        "n": 7
      },
      "SN_4": {
        "intra_sim": 0.5512823450068632,
        "n": 6
      }
    }
  },
  "6": {
    "total": 0.8113535936369192,
    "total_base": 0.8113535936369192,
    "intra_sim": 0.6666666666666667,
    "dag_safety": 0.8666666666666667,
    "flow_balance": 0.7787477078810099,
    "attr_balance": 0.7787477078810099,
    "size_score": 1.0,
    "n_middle": 6,
    "n_warnings": 2,
    "inf_conservation": 0.9999999254818175,
    "edge_conservation": 0.19102990033222558,
    "details": {
      "SN_0": {
        "intra_sim": 0.28651000266628607,
        "n": 7
      },
      "SN_1": {
        "intra_sim": 0.3598388502543623,
        "n": 11
      },
      "SN_2": {
        "intra_sim": 0.588737944761912,
        "n": 3
      },
      "SN_3": {
        "intra_sim": 0.5436226996992316,
        "n": 7
      },
      "SN_4": {
        "intra_sim": 0.3782111193674306,
        "n": 4
      },
      "SN_5": {
        "intra_sim": 0.7150584608316422,
        "n": 5
      }
    }
  },
  "7": {
    "total": 0.7885782632436453,
    "total_base": 0.7885782632436453,
    "intra_sim": 0.6428571428571428,
    "dag_safety": 0.9523809523809523,
    "flow_balance": 0.6521251507866794,
    "attr_balance": 0.6521251507866794,
    "size_score": 0.972972972972973,
    "n_middle": 7,
    "n_warnings": 1,
    "inf_conservation": 0.9999999319616548,
    "edge_conservation": 0.21262458471760762,
    "details": {
      "SN_0": {
        "intra_sim": 0.3780153729021549,
        "n": 4
      },
      "SN_1": {
        "intra_sim": 0.47112246447553235,
        "n": 9
      },
      "SN_2": {
        "intra_sim": 0.588737944761912,
        "n": 3
      },
      "SN_3": {
        "intra_sim": 0.5436226996992316,
        "n": 7
      },
      "SN_4": {
        "intra_sim": 0.48885893672704694,
        "n": 5
      },
      "SN_5": {
        "intra_sim": 0.3782111193674306,
        "n": 4
      },
      "SN_6": {
        "intra_sim": 0.7150584608316422,
        "n": 5
      }
    }
  },
  "8": {
    "total": 0.8413874364109428,
    "total_base": 0.8413874364109428,
    "intra_sim": 0.6875,
    "dag_safety": 0.9642857142857143,
    "flow_balance": 0.8195072746013001,
    "attr_balance": 0.8195072746013001,
    "size_score": 0.9459459459459459,
    "n_middle": 8,
    "n_warnings": 1,
    "inf_conservation": 0.999999938441492,
    "edge_conservation": 0.2458471760797338,
    "details": {
      "SN_0": {
        "intra_sim": 0.42563448784252006,
        "n": 3
      },
      "SN_1": {
        "intra_sim": 0.47485634721815584,
        "n": 5
      },
      "SN_2": {
        "intra_sim": 0.7362969726324081,
        "n": 5
      },
      "SN_3": {
        "intra_sim": 0.588737944761912,
        "n": 3
      },
      "SN_4": {
        "intra_sim": 0.5436226996992316,
        "n": 7
      },
      "SN_5": {
        "intra_sim": 0.48885893672704694,
        "n": 5
      },
      "SN_6": {
        "intra_sim": 0.3782111193674306,
        "n": 4
      },
      "SN_7": {
        "intra_sim": 0.7150584608316422,
        "n": 5
      }
    }
  },
  "9": {
    "total": 0.8701125577103531,
    "total_base": 0.8701125577103531,
    "intra_sim": 0.8333333333333334,
    "dag_safety": 0.9722222222222222,
    "flow_balance": 0.7730928734840551,
    "attr_balance": 0.7730928734840551,
    "size_score": 0.9189189189189189,
    "n_middle": 9,
    "n_warnings": 1,
    "inf_conservation": 0.9999999368215327,
    "edge_conservation": 0.2641196013289032,
    "details": {
      "SN_0": {
        "intra_sim": 0.6859562397003174,
        "n": 2
      },
      "SN_1": {
        "intra_sim": 0.928767740726471,
        "n": 2
      },
      "SN_2": {
        "intra_sim": 0.6563210437695185,
        "n": 4
      },
      "SN_3": {
        "intra_sim": 0.7362969726324081,
        "n": 5
      },
      "SN_4": {
        "intra_sim": 0.588737944761912,
        "n": 3
      },
      "SN_5": {
        "intra_sim": 0.5436226996992316,
        "n": 7
      },
      "SN_6": {
        "intra_sim": 0.48885893672704694,
        "n": 5
      },
      "SN_7": {
        "intra_sim": 0.3782111193674306,
        "n": 4
      },
      "SN_8": {
        "intra_sim": 0.7150584608316422,
        "n": 5
      }
    }
  }
}