{
  "7": {
    "total": 0.800072315793458,
    "total_base": 0.800072315793458,
    "intra_sim": 0.6428571428571428,
    "dag_safety": 0.9047619047619048,
    "flow_balance": 0.7355273584119276,
    "attr_balance": 0.7355273584119276,
    "size_score": 0.9857142857142858,
    "n_middle": 7,
    "n_warnings": 2,
    "inf_conservation": 1.0000000459029539,
    "edge_conservation": 0.06980609418282545,
    "details": {
      "SN_0": {
        "intra_sim": 0.4375361738105615,
        "n": 3
      },
      "SN_1": {
        "intra_sim": 0.19526888398185568,
        "n": 34
      },
      "SN_2": {
        "intra_sim": 0.19075016891916416,
        "n": 8
      },
      "SN_3": {
        "intra_sim": 0.4094323217868805,
        "n": 2
      },
      "SN_4": {
        "intra_sim": 0.13296886294015817,
        "n": 8
      },
      "SN_5": {
        "intra_sim": 0.325967525340951,
        "n": 13
      },
      "SN_6": {
        "intra_sim": 0.8144203424453735,
        "n": 2
      }
    }
  },
  "8": {
    "total": 0.8272151722476067,
    "total_base": 0.8272151722476067,
    "intra_sim": 0.625,
    "dag_safety": 0.8214285714285714,
    "flow_balance": 0.9374321175618554,
    "attr_balance": 0.9374321175618554,
    "size_score": 1.0,
    "n_middle": 8,
    "n_warnings": 5,
    "inf_conservation": 1.0000001046587874,
    "edge_conservation": 0.08254847645429358,
    "details": {
      "SN_0": {
        "intra_sim": 0.4375361738105615,
        "n": 3
      },
      "SN_1": {
        "intra_sim": 0.21474064988599692,
        "n": 21
      },
      "SN_2": {
        "intra_sim": 0.19075016891916416,
        "n": 8
      },
      "SN_3": {
        "intra_sim": 0.4094323217868805,
        "n": 2
      },
      "SN_4": {
        "intra_sim": 0.13296886294015817,
        "n": 8
      },
      "SN_5": {
        "intra_sim": 0.325967525340951,
        "n": 13
      },
      "SN_6": {
        "intra_sim": 0.5311140274608102,
        "n": 13
      },
      "SN_7": {
        "intra_sim": 0.8144203424453735,
        "n": 2
      }
    }
  },
  "9": {
    "total": 0.8111921924505696,
    "total_base": 0.8111921924505696,
    "intra_sim": 0.6111111111111112,
    "dag_safety": 0.8333333333333334,
    "flow_balance": 0.8895306745641828,
    "attr_balance": 0.8895306745641828,
    "size_score": 0.9857142857142858,
    "n_middle": 9,
    "n_warnings": 6,
    "inf_conservation": 1.00000008017719,
    "edge_conservation": 0.09418282548476449,
    "details": {
      "SN_0": {
        "intra_sim": 0.4375361738105615,
        "n": 3
      },
      "SN_1": {
        "intra_sim": 0.22158783412582816,
        "n": 7
      },
      "SN_2": {
        "intra_sim": 0.19075016891916416,
        "n": 8
      },
      "SN_3": {
        "intra_sim": 0.4094323217868805,
        "n": 2
      },
      "SN_4": {
        "intra_sim": 0.3286187222925946,
        "n": 15
      },
      "SN_5": {
        "intra_sim": 0.13296886294015817,
        "n": 8
      },
      "SN_6": {
        "intra_sim": 0.325967525340951,
        "n": 13
      },
      "SN_7": {
        "intra_sim": 0.5980483805478523,
        "n": 12
      },
      "SN_8": {
        "intra_sim": 0.8144203424453735,
        "n": 2
      }
    }
  },
  "10": {
    "total": 0.7882586860040371,
    "total_base": 0.7882586860040371,
    "intra_sim": 0.6,
    "dag_safety": 0.9333333333333333,
    "flow_balance": 0.7225585535399581,
    "attr_balance": 0.7225585535399581,
    "size_score": 0.9714285714285714,
    "n_middle": 10,
    "n_warnings": 3,
    "inf_conservation": 1.0000000875216692,
    "edge_conservation": 0.1052631578947368,
    "details": {
      "SN_0": {
        "intra_sim": 0.4375361738105615,
        "n": 3
      },
      "SN_1": {
        "intra_sim": 0.2302125019952655,
        "n": 6
      },
      "SN_2": {
        "intra_sim": 0.19075016891916416,
        "n": 8
      },
      "SN_3": {
        "intra_sim": 0.4094323217868805,
        "n": 2
      },
      "SN_4": {
        "intra_sim": 0.32373059373435753,
        "n": 19
      },
      "SN_5": {
        "intra_sim": 0.25609105825424194,
        "n": 2
      },
      "SN_6": {
        "intra_sim": 0.14944072721880816,
        "n": 7
      },
      "SN_7": {
        "intra_sim": 0.30310875847935675,
        "n": 11
      },
      "SN_8": {
        "intra_sim": 0.5118477991471688,
        "n": 10
      },
      "SN_9": {
        "intra_sim": 0.8144203424453735,
        "n": 2
      }
    }
  },
  "11": {
    "total": 0.8016392481760011,
    "total_base": 0.8016392481760011,
    "intra_sim": 0.5909090909090908,
    "dag_safety": 0.9818181818181818,
    "flow_balance": 0.7499336160806279,
    "attr_balance": 0.7499336160806279,
    "size_score": 0.9571428571428572,
    "n_middle": 11,
    "n_warnings": 1,
    "inf_conservation": 1.0000000948661485,
    "edge_conservation": 0.11911357340720216,
    "details": {
      "SN_0": {
        "intra_sim": 0.4375361738105615,
        "n": 3
      },
      "SN_1": {
        "intra_sim": 0.23171651298180224,
        "n": 5
      },
      "SN_2": {
        "intra_sim": 0.14413485470383117,
        "n": 4
      },
      "SN_3": {
        "intra_sim": 0.4094323217868805,
        "n": 2
      },
      "SN_4": {
        "intra_sim": 0.3082251518296145,
        "n": 20
      },
      "SN_5": {
        "intra_sim": 0.24836401424060264,
        "n": 7
      },
      "SN_6": {
        "intra_sim": 0.25609105825424194,
        "n": 2
      },
      "SN_7": {
        "intra_sim": 0.30310875847935675,
        "n": 11
      },
      "SN_8": {
        "intra_sim": 0.13801354581179717,
        "n": 4
      },
      "SN_9": {
        "intra_sim": 0.5118477991471688,
        "n": 10
      },
      "SN_10": {
        "intra_sim": 0.8144203424453735,
        "n": 2
      }
    }
  }
}