{
  "sn_names": [
    "SN_0",
    "SN_1",
    "SN_2",
    "SN_3",
    "SN_4",
    "SN_EMB_0",
    "SN_EMB_1",
    "SN_LOGIT_0"
  ],
  "sn_adj": [
    [
      0.0,
      1.3868999481201172,
      4.2841997146606445,
      0.9039999842643738,
      0.0,
      0.0,
      0.0,
      1.6826000213623047
    ],
    [
      0.0,
      0.0,
      3.7358999252319336,
      2.206899881362915,
      0.49129998683929443,
      0.0,
      0.0,
      0.0
    ],
    [
      0.0,
      0.0,
      0.0,
      0.9146999716758728,
      1.4677999019622803,
      0.0,
      0.0,
      1.740299940109253
    ],
    [
      0.0,
      0.0,
      2.820000171661377,
      0.0,
      0.0,
      0.0,
      0.0,
      0.0
    ],
    [
      0.0,
      0.0,
      0.0,
      0.0,
      0.0,
      0.0,
      0.0,
      0.0
    ],
    [
      0.8234999775886536,
      0.8633999824523926,
      1.6877999305725098,
      1.2551000118255615,
      0.0,
      0.0,
      0.7940000295639038,
      0.5875999927520752
    ],
    [
      1.1779000759124756,
      0.7968999743461609,
      0.0,
      1.0812000036239624,
      0.0,
      0.7825000286102295,
      0.0,
      0.8234000205993652
    ],
    [
      0.0,
      0.0,
      0.0,
      0.0,
      0.0,
      0.0,
      0.0,
      0.0
    ]
  ],
  "F_sn": [
    [
      0.0,
      1.3868999481201172,
      4.2841997146606445,
      0.9039999842643738,
      0.0,
      0.0,
      0.0,
      1.6826000213623047
    ],
    [
      0.0,
      0.0,
      3.7358999252319336,
      2.206899881362915,
      0.49129998683929443,
      0.0,
      0.0,
      0.0
    ],
    [
      0.0,
      0.0,
      0.0,
      0.9146999716758728,
      1.4677999019622803,
      0.0,
      0.0,
      1.740299940109253
    ],
    [
      0.0,
      0.0,
      2.820000171661377,
      0.0,
      0.0,
      0.0,
      0.0,
      0.0
    ],
    [
      0.0,
      0.0,
      0.0,
      0.0,
      0.0,
      0.0,
      0.0,
      0.0
    ],
    [
      0.8234999775886536,
      0.8633999824523926,
      1.6877999305725098,
      1.2551000118255615,
      0.0,
      0.0,
      0.7940000295639038,
      0.5875999927520752
    ],
    [
      1.1779000759124756,
      0.7968999743461609,
      0.0,
      1.0812000036239624,
      0.0,
      0.7825000286102295,
      0.0,
      0.8234000205993652
    ],
    [
      0.0,
      0.0,
      0.0,
      0.0,
      0.0,
      0.0,
      0.0,
      0.0
    ]
  ],
  "sn_reach": [
    8.25769966840744,
    6.434099793434143,
    4.122799813747406,
    2.820000171661377,
    0.0,
    6.011399924755096,
    4.661900103092194,
    0.0
  ],
  "sn_act_norm": [
    0.9999999999998789,
    0.7791636959199594,
    0.49926734796617034,
    0.34149948350021475,
    0.0,
    0.727975122146058,
    0.5645519079517107,
    0.0
  ],
  "sn_inf": [
    1.6826000213623047,
    0.0,
    1.740299940109253,
    0.0,
    0.0,
    0.5875999927520752,
    0.8234000205993652,
    0.0
  ],
  "preservation": {
    "inf_conservation": 0.9999999013554037,
    "edge_conservation": 0.46808510638296874
  },
  "orig_reach_total": 47.0,
  "surr_reach_total": 22.0,
  "inf_conservation": 0.9999999013554037,
  "edge_conservation": 0.46808510638296874,
  "dominant_paths": [
    {
      "src": "SN_0",
      "tgt": "SN_2",
      "weight": 4.2841997146606445
    },
    {
      "src": "SN_1",
      "tgt": "SN_2",
      "weight": 3.7358999252319336
    },
    {
      "src": "SN_3",
      "tgt": "SN_2",
      "weight": 2.820000171661377
    },
    {
      "src": "SN_1",
      "tgt": "SN_3",
      "weight": 2.206899881362915
    },
    {
      "src": "SN_2",
      "tgt": "SN_LOGIT_0",
      "weight": 1.740299940109253
    },
    {
      "src": "SN_EMB_0",
      "tgt": "SN_2",
      "weight": 1.6877999305725098
    },
    {
      "src": "SN_0",
      "tgt": "SN_LOGIT_0",
      "weight": 1.6826000213623047
    },
    {
      "src": "SN_2",
      "tgt": "SN_4",
      "weight": 1.4677999019622803
    },
    {
      "src": "SN_0",
      "tgt": "SN_1",
      "weight": 1.3868999481201172
    },
    {
      "src": "SN_EMB_0",
      "tgt": "SN_3",
      "weight": 1.2551000118255615
    },
    {
      "src": "SN_EMB_1",
      "tgt": "SN_0",
      "weight": 1.1779000759124756
    },
    {
      "src": "SN_EMB_1",
      "tgt": "SN_3",
      "weight": 1.0812000036239624
    },
    {
      "src": "SN_2",
      "tgt": "SN_3",
      "weight": 0.9146999716758728
    },
    {
      "src": "SN_0",
      "tgt": "SN_3",
      "weight": 0.9039999842643738
    },
    {
      "src": "SN_EMB_0",
      "tgt": "SN_1",
      "weight": 0.8633999824523926
    },
    {
      "src": "SN_EMB_0",
      "tgt": "SN_0",
      "weight": 0.8234999775886536
    },
    {
      "src": "SN_EMB_1",
      "tgt": "SN_LOGIT_0",
      "weight": 0.8234000205993652
    },
    {
      "src": "SN_EMB_1",
      "tgt": "SN_1",
      "weight": 0.7968999743461609
    },
    {
      "src": "SN_EMB_0",
      "tgt": "SN_EMB_1",
      "weight": 0.7940000295639038
    },
    {
      "src": "SN_EMB_1",
      "tgt": "SN_EMB_0",
      "weight": 0.7825000286102295
    }
  ],
  "bottleneck_sns": [
    {
      "sn": "SN_2",
      "in_minus_out": 8.405099928379059
    },
    {
      "sn": "SN_0",
      "in_minus_out": -6.256299614906311
    },
    {
      "sn": "SN_EMB_0",
      "in_minus_out": -5.228899896144867
    },
    {
      "sn": "SN_LOGIT_0",
      "in_minus_out": 4.833899974822998
    },
    {
      "sn": "SN_EMB_1",
      "in_minus_out": -3.86790007352829
    },
    {
      "sn": "SN_3",
      "in_minus_out": 3.5418996810913086
    },
    {
      "sn": "SN_1",
      "in_minus_out": -3.3868998885154724
    },
    {
      "sn": "SN_4",
      "in_minus_out": 1.9590998888015747
    }
  ]
}