{
  "sn_names": [
    "SN_0",
    "SN_1",
    "SN_2",
    "SN_3",
    "SN_4",
    "SN_EMB_0",
    "SN_EMB_1",
    "SN_LOGIT_0"
  ],
  "sn_adj": [
    [
      0.0,
      3.330399990081787,
      2.4910998344421387,
      0.49129998683929443,
      1.6017000675201416,
      0.0,
      0.0,
      1.041100025177002
    ],
    [
      0.7889999747276306,
      0.0,
      5.208100318908691,
      0.0,
      1.539199948310852,
      0.0,
      0.0,
      0.6414999961853027
    ],
    [
      0.0,
      0.9146999716758728,
      0.0,
      0.7024999856948853,
      1.6287000179290771,
      0.0,
      0.0,
      1.740299940109253
    ],
    [
      0.0,
      0.0,
      0.0,
      0.0,
      0.0,
      0.0,
      0.0,
      0.0
    ],
    [
      0.0,
      0.0,
      0.0,
      0.7652999758720398,
      0.0,
      0.0,
      0.0,
      0.0
    ],
    [
      0.0,
      2.941999912261963,
      0.8467000126838684,
      0.0,
      0.8410999774932861,
      0.0,
      0.7940000295639038,
      0.5875999927520752
    ],
    [
      1.4638999700546265,
      1.5921000242233276,
      0.0,
      0.0,
      0.0,
      0.7825000286102295,
      0.0,
      0.8234000205993652
    ],
    [
      0.0,
      0.0,
      0.0,
      0.0,
      0.0,
      0.0,
      0.0,
      0.0
    ]
  ],
  "F_sn": [
    [
      0.0,
      3.330399990081787,
      2.4910998344421387,
      0.49129998683929443,
      1.6017000675201416,
      0.0,
      0.0,
      1.041100025177002
    ],
    [
      0.7889999747276306,
      0.0,
      5.208100318908691,
      0.0,
      1.539199948310852,
      0.0,
      0.0,
      0.6414999961853027
    ],
    [
      0.0,
      0.9146999716758728,
      0.0,
      0.7024999856948853,
      1.6287000179290771,
      0.0,
      0.0,
      1.740299940109253
    ],
    [
      0.0,
      0.0,
      0.0,
      0.0,
      0.0,
      0.0,
      0.0,
      0.0
    ],
    [
      0.0,
      0.0,
      0.0,
      0.7652999758720398,
      0.0,
      0.0,
      0.0,
      0.0
    ],
    [
      0.0,
      2.941999912261963,
      0.8467000126838684,
      0.0,
      0.8410999774932861,
      0.0,
      0.7940000295639038,
      0.5875999927520752
    ],
    [
      1.4638999700546265,
      1.5921000242233276,
      0.0,
      0.0,
      0.0,
      0.7825000286102295,
      0.0,
      0.8234000205993652
    ],
    [
      0.0,
      0.0,
      0.0,
      0.0,
      0.0,
      0.0,
      0.0,
      0.0
    ]
  ],
  "sn_reach": [
    8.955599904060364,
    8.177800238132477,
    4.986199915409088,
    0.0,
    0.7652999758720398,
    6.011399924755096,
    4.661900043487549,
    0.0
  ],
  "sn_act_norm": [
    0.9999999999998883,
    0.9131493507680982,
    0.5567689455563828,
    0.0,
    0.08545490911501934,
    0.6712448065069239,
    0.5205569803730711,
    0.0
  ],
  "sn_inf": [
    1.041100025177002,
    0.6414999961853027,
    1.740299940109253,
    0.0,
    0.0,
    0.5875999927520752,
    0.8234000205993652,
    0.0
  ],
  "preservation": {
    "inf_conservation": 0.9999999013554037,
    "edge_conservation": 0.4893617021276491
  },
  "orig_reach_total": 47.0,
  "surr_reach_total": 23.0,
  "inf_conservation": 0.9999999013554037,
  "edge_conservation": 0.4893617021276491,
  "dominant_paths": [
    {
      "src": "SN_1",
      "tgt": "SN_2",
      "weight": 5.208100318908691
    },
    {
      "src": "SN_0",
      "tgt": "SN_1",
      "weight": 3.330399990081787
    },
    {
      "src": "SN_EMB_0",
      "tgt": "SN_1",
      "weight": 2.941999912261963
    },
    {
      "src": "SN_0",
      "tgt": "SN_2",
      "weight": 2.4910998344421387
    },
    {
      "src": "SN_2",
      "tgt": "SN_LOGIT_0",
      "weight": 1.740299940109253
    },
    {
      "src": "SN_2",
      "tgt": "SN_4",
      "weight": 1.6287000179290771
    },
    {
      "src": "SN_0",
      "tgt": "SN_4",
      "weight": 1.6017000675201416
    },
    {
      "src": "SN_EMB_1",
      "tgt": "SN_1",
      "weight": 1.5921000242233276
    },
    {
      "src": "SN_1",
      "tgt": "SN_4",
      "weight": 1.539199948310852
    },
    {
      "src": "SN_EMB_1",
      "tgt": "SN_0",
      "weight": 1.4638999700546265
    },
    {
      "src": "SN_0",
      "tgt": "SN_LOGIT_0",
      "weight": 1.041100025177002
    },
    {
      "src": "SN_2",
      "tgt": "SN_1",
      "weight": 0.9146999716758728
    },
    {
      "src": "SN_EMB_0",
      "tgt": "SN_2",
      "weight": 0.8467000126838684
    },
    {
      "src": "SN_EMB_0",
      "tgt": "SN_4",
      "weight": 0.8410999774932861
    },
    {
      "src": "SN_EMB_1",
      "tgt": "SN_LOGIT_0",
      "weight": 0.8234000205993652
    },
    {
      "src": "SN_EMB_0",
      "tgt": "SN_EMB_1",
      "weight": 0.7940000295639038
    },
    {
      "src": "SN_1",
      "tgt": "SN_0",
      "weight": 0.7889999747276306
    },
    {
      "src": "SN_EMB_1",
      "tgt": "SN_EMB_0",
      "weight": 0.7825000286102295
    },
    {
      "src": "SN_4",
      "tgt": "SN_3",
      "weight": 0.7652999758720398
    },
    {
      "src": "SN_2",
      "tgt": "SN_3",
      "weight": 0.7024999856948853
    }
  ],
  "bottleneck_sns": [
    {
      "sn": "SN_0",
      "in_minus_out": -6.702699959278107
    },
    {
      "sn": "SN_EMB_0",
      "in_minus_out": -5.228899896144867
    },
    {
      "sn": "SN_4",
      "in_minus_out": 4.845400035381317
    },
    {
      "sn": "SN_LOGIT_0",
      "in_minus_out": 4.833899974822998
    },
    {
      "sn": "SN_EMB_1",
      "in_minus_out": -3.867900013923645
    },
    {
      "sn": "SN_2",
      "in_minus_out": 3.5597002506256104
    },
    {
      "sn": "SN_3",
      "in_minus_out": 1.9590999484062195
    },
    {
      "sn": "SN_1",
      "in_minus_out": 0.6013996601104736
    }
  ]
}