{
  "2": {
    "total": 0.5402316048815681,
    "total_base": 0.5402316048815681,
    "intra_sim": 0.3520540675539446,
    "dag_safety": 1.0,
    "flow_balance": 0.0,
    "attr_balance": 0.0,
    "size_score": 0.9230769230769231,
    "n_middle": 2,
    "n_warnings": 0,
    "inf_conservation": 0.999999999999886,
    "edge_conservation": 0.18604651162790484,
    "details": {
      "SN_0": {
        "intra_sim": 0.4919133386678166,
        "n": 10
      },
      "SN_1": {
        "intra_sim": 0.39591025561094284,
        "n": 3
      }
    }
  },
  "3": {
    "total": 0.7893968283642834,
    "total_base": 0.7893968283642834,
    "intra_sim": 0.6145538047135235,
    "dag_safety": 1.0,
    "flow_balance": 0.6201227478009051,
    "attr_balance": 0.6201227478009051,
    "size_score": 1.0,
    "n_middle": 3,
    "n_warnings": 0,
    "inf_conservation": 0.999999999999886,
    "edge_conservation": 0.2674418604651132,
    "details": {
      "SN_0": {
        "intra_sim": 0.6434774309396744,
        "n": 5
      },
      "SN_1": {
        "intra_sim": 0.564279689391454,
        "n": 6
      },
      "SN_2": {
        "intra_sim": 0.6960741281509399,
        "n": 2
      }
    }
  },
  "4": {
    "total": 0.9087884126112603,
    "total_base": 0.9087884126112603,
    "intra_sim": 1.0,
    "dag_safety": 1.0,
    "flow_balance": 0.6966921119835026,
    "attr_balance": 0.6966921119835026,
    "size_score": 0.9230769230769231,
    "n_middle": 4,
    "n_warnings": 0,
    "inf_conservation": 0.999999999999886,
    "edge_conservation": 0.3372093023255775,
    "details": {
      "SN_0": {
        "intra_sim": 0.9823328256607056,
        "n": 2
      },
      "SN_1": {
        "intra_sim": 0.7500146090984344,
        "n": 5
      },
      "SN_2": {
        "intra_sim": 0.5823287318150202,
        "n": 4
      },
      "SN_3": {
        "intra_sim": 0.6960741281509399,
        "n": 2
      }
    }
  }
}