{
  "graph_name": "clt-hp-p10-fact-the-capital-of-20260424-171350-828667_prune_graph",
  "dataset": "clt-hp",
  "graph_path": "/workspace/demos/subgraph/clt-hp/clt-hp-p10-fact-the-capital-of-20260424-171350-828667_prune_graph.pt",
  "method": "ours-arith-cos_relu-edge",
  "method_family": "ours",
  "mean_method": "arith",
  "normalization": "cos_relu",
  "similarity_mode": "edge",
  "best_k": 4,
  "auto_k_candidates": 3,
  "n_supernodes": 13,
  "total": 0.9087884126112603,
  "total_base": 0.9087884126112603,
  "intra_sim": 1.0,
  "dag_safety": 1.0,
  "attr_balance": 0.6966921119835026,
  "size_score": 0.9230769230769231,
  "n_middle": 4,
  "n_warnings": 0,
  "inf_conservation": 0.999999999999886,
  "edge_conservation": 0.3372093023255775,
  "within_cluster_weighted_edge_cosine_mean": 0.4686354346277729,
  "F_phi": 0.6913387520258449,
  "path_score": 0.9797317273435449,
  "residual_score": 0.0,
  "shortcut_score": 0.9981535369614232,
  "D_phi": 0.020268272656455144,
  "R_phi": 1.486903403100322,
  "R_phi_balance": 1.486903403100322,
  "R_phi_suppressive": 1.8831942789011582,
  "R_phi_max": 2.3383009050341057,
  "shortcut_frac": 0.001846463038576871,
  "sigma_phi": 0.001846463038576871,
  "top_k_frac": 0.9797317273435449,
  "n_paths": 16,
  "n_shortcuts": 1,
  "n_direct": 19,
  "n_suppressive": 1,
  "n_balanced": 3,
  "result_path": "/workspace/eval_outputs/clustering/runs/clt-hp-p10-fact-the-capital-of-20260424-171350-828667_prune_graph/ours-arith-cos_relu-edge/result.json",
  "supernode_map_path": "/workspace/eval_outputs/clustering/runs/clt-hp-p10-fact-the-capital-of-20260424-171350-828667_prune_graph/ours-arith-cos_relu-edge/supernode_map.json",
  "auto_k_sweep_path": "/workspace/eval_outputs/clustering/runs/clt-hp-p10-fact-the-capital-of-20260424-171350-828667_prune_graph/ours-arith-cos_relu-edge/auto_k_sweep.json",
  "flow_report_path": "/workspace/eval_outputs/clustering/runs/clt-hp-p10-fact-the-capital-of-20260424-171350-828667_prune_graph/ours-arith-cos_relu-edge/flow_report.json",
  "final_supernodes": {
    "SN_0": [
      "0_55815_4",
      "7_61400_17"
    ],
    "SN_1": [
      "14_66317_17",
      "16_14597_17",
      "17_1822_17",
      "17_93182_17",
      "17_98126_17"
    ],
    "SN_2": [
      "18_47904_11",
      "18_47904_17",
      "21_80595_17",
      "21_84338_17"
    ],
    "SN_3": [
      "22_52965_17",
      "22_95749_17"
    ],
    "SN_EMB_0": [
      "E_714_3"
    ],
    "SN_EMB_1": [
      "E_6037_4"
    ],
    "SN_EMB_2": [
      "E_576_5"
    ],
    "SN_EMB_3": [
      "E_3170_7"
    ],
    "SN_EMB_4": [
      "E_96293_11"
    ],
    "SN_EMB_5": [
      "E_653_13"
    ],
    "SN_EMB_6": [
      "E_8667_14"
    ],
    "SN_EMB_7": [
      "E_7023_16"
    ],
    "SN_LOGIT_0": [
      "27_53731_17"
    ]
  },
  "score_details": {
    "SN_0": {
      "intra_sim": 0.9823328256607056,
      "n": 2
    },
    "SN_1": {
      "intra_sim": 0.7500146090984344,
      "n": 5
    },
    "SN_2": {
      "intra_sim": 0.5823287318150202,
      "n": 4
    },
    "SN_3": {
      "intra_sim": 0.6960741281509399,
      "n": 2
    }
  },
  "flow_report": {
    "path_decomposition": {
      "paths": [
        {
          "path": [
            "SN_EMB_4",
            "SN_LOGIT_0"
          ],
          "flow": 7.71875,
          "frac": 0.31561870649083046,
          "length": 2
        },
        {
          "path": [
            "SN_EMB_1",
            "SN_0",
            "SN_LOGIT_0"
          ],
          "flow": 5.678436409461032,
          "frac": 0.23219054308593057,
          "length": 3
        },
        {
          "path": [
            "SN_EMB_6",
            "SN_LOGIT_0"
          ],
          "flow": 4.03125,
          "frac": 0.1648373001510815,
          "length": 2
        },
        {
          "path": [
            "SN_EMB_4",
            "SN_2",
            "SN_LOGIT_0"
          ],
          "flow": 2.4198836347550325,
          "frac": 0.09894873427170366,
          "length": 3
        },
        {
          "path": [
            "SN_EMB_5",
            "SN_LOGIT_0"
          ],
          "flow": 1.796875,
          "frac": 0.07347399037742004,
          "length": 2
        },
        {
          "path": [
            "SN_EMB_1",
            "SN_1",
            "SN_LOGIT_0"
          ],
          "flow": 0.8045123913305156,
          "frac": 0.032896409432561245,
          "length": 3
        },
        {
          "path": [
            "SN_EMB_7",
            "SN_LOGIT_0"
          ],
          "flow": 0.484375,
          "frac": 0.019806032188695838,
          "length": 2
        },
        {
          "path": [
            "SN_EMB_1",
            "SN_0",
            "SN_2",
            "SN_LOGIT_0"
          ],
          "flow": 0.3611379839796149,
          "frac": 0.014766886266345237,
          "length": 4
        },
        {
          "path": [
            "SN_EMB_3",
            "SN_2",
            "SN_LOGIT_0"
          ],
          "flow": 0.33416372713484693,
          "frac": 0.013663912332237113,
          "length": 3
        },
        {
          "path": [
            "SN_EMB_3",
            "SN_0",
            "SN_LOGIT_0"
          ],
          "flow": 0.33086952307095774,
          "frac": 0.013529212746739261,
          "length": 3
        }
      ],
      "total_flow": 24.455933191729034,
      "n_paths": 16,
      "concentration": {
        "1": 0.31561870649083046,
        "2": 0.547809249576761,
        "3": 0.7126465497278426,
        "4": 0.8115952839995462,
        "5": 0.8850692743769663,
        "6": 0.9179656838095275,
        "7": 0.9377717159982233,
        "8": 0.9525386022645684,
        "9": 0.9662025145968056,
        "10": 0.9797317273435449,
        "11": 0.9880563079601091,
        "12": 0.9960549979286205
      },
      "D_phi": 0.020268272656455144,
      "top_k": 10,
      "top_k_frac": 0.9797317273435449
    },
    "local_residuals": {
      "per_sn": {
        "SN_0": {
          "in_flow_pos": 5.4208984375,
          "in_flow_neg": -0.1865234375,
          "in_flow_net": 5.234375,
          "out_flow_pos": 0.53857421875,
          "out_flow_neg": 0.0,
          "inf_exit": 0.720703125,
          "total_out": 1.25927734375,
          "residual_abs": 3.97509765625,
          "residual_rel": 0.7594216417908997,
          "balance": 3.97509765625,
          "is_suppressive": false,
          "suppression_rel": null
        },
        "SN_1": {
          "in_flow_pos": 0.931469738483429,
          "in_flow_neg": -0.0247802734375,
          "in_flow_net": 0.906689465045929,
          "out_flow_pos": 0.4862460196018219,
          "out_flow_neg": 0.0,
          "inf_exit": 1.65625,
          "total_out": 2.142496019601822,
          "residual_abs": 1.235806554555893,
          "residual_rel": 1.3629876624759607,
          "balance": -1.235806554555893,
          "is_suppressive": false,
          "suppression_rel": null
        },
        "SN_2": {
          "in_flow_pos": 2.604458898305893,
          "in_flow_neg": -0.21761067677289248,
          "in_flow_net": 2.3868482215330005,
          "out_flow_pos": 1.868408203125,
          "out_flow_neg": 0.0,
          "inf_exit": 6.099609375,
          "total_out": 7.968017578125,
          "residual_abs": 5.5811693565919995,
          "residual_rel": 2.3383009050341057,
          "balance": -5.5811693565919995,
          "is_suppressive": false,
          "suppression_rel": null
        },
        "SN_3": {
          "in_flow_pos": 0.9208984375,
          "in_flow_neg": -0.1015625,
          "in_flow_net": 0.8193359375,
          "out_flow_pos": 0.0,
          "out_flow_neg": -0.771484375,
          "inf_exit": -1.54296875,
          "total_out": -2.314453125,
          "residual_abs": 3.1337890625,
          "residual_rel": 3.8247914183505167,
          "balance": 3.1337890625,
          "is_suppressive": true,
          "suppression_rel": 1.8831942789011582
        }
      },
      "R_phi_balance": 1.486903403100322,