{
  "graph_name": "clt-hp-p05-fact-the-language-spoken-20260424-171104-257980_prune_graph",
  "dataset": "clt-hp",
  "graph_path": "/workspace/demos/subgraph/clt-hp/clt-hp-p05-fact-the-language-spoken-20260424-171104-257980_prune_graph.pt",
  "method": "baseline-kmeans-node-profile",
  "method_family": "baseline",
  "mean_method": null,
  "normalization": null,
  "similarity_mode": null,
  "best_k": 4,
  "auto_k_candidates": 4,
  "n_supernodes": 7,
  "total": 0.8447892665810572,
  "total_base": 0.8447892665810572,
  "intra_sim": 0.6552734766235468,
  "dag_safety": 1.0,
  "attr_balance": 0.7928288943759728,
  "size_score": 1.0,
  "n_middle": 4,
  "n_warnings": 0,
  "inf_conservation": 0.9999999999999446,
  "edge_conservation": 0.18181818181817977,
  "within_cluster_weighted_edge_cosine_mean": 0.8133692638953488,
  "F_phi": 0.6999999999999911,
  "path_score": 0.9999999999999778,
  "residual_score": 0.0,
  "shortcut_score": 1.0,
  "D_phi": 2.220446049250313e-14,
  "R_phi": 1.6824496330917142,
  "R_phi_balance": 1.6824496330917142,
  "R_phi_suppressive": 2.1889604226736967,
  "R_phi_max": 3.336214740360788,
  "shortcut_frac": 0.0,
  "sigma_phi": 0.0,
  "top_k_frac": 0.9999999999999778,
  "n_paths": 6,
  "n_shortcuts": 0,
  "n_direct": 14,
  "n_suppressive": 1,
  "n_balanced": 3,
  "result_path": "/workspace/eval_outputs/clustering/runs/clt-hp-p05-fact-the-language-spoken-20260424-171104-257980_prune_graph/baseline-kmeans-node-profile/result.json",
  "supernode_map_path": "/workspace/eval_outputs/clustering/runs/clt-hp-p05-fact-the-language-spoken-20260424-171104-257980_prune_graph/baseline-kmeans-node-profile/supernode_map.json",
  "auto_k_sweep_path": "/workspace/eval_outputs/clustering/runs/clt-hp-p05-fact-the-language-spoken-20260424-171104-257980_prune_graph/baseline-kmeans-node-profile/auto_k_sweep.json",
  "flow_report_path": "/workspace/eval_outputs/clustering/runs/clt-hp-p05-fact-the-language-spoken-20260424-171104-257980_prune_graph/baseline-kmeans-node-profile/flow_report.json",
  "final_supernodes": {
    "SN_0": [
      "4_83681_12",
      "16_59225_13",
      "16_92378_13",
      "18_40581_13",
      "18_54160_13",
      "19_36461_13",
      "20_54580_12",
      "20_54580_13"
    ],
    "SN_1": [
      "6_43047_12"
    ],
    "SN_2": [
      "18_62070_13",
      "19_45624_13",
      "19_62855_13"
    ],
    "SN_3": [
      "20_17935_12",
      "20_17935_13",
      "22_19177_13",
      "22_23892_13",
      "23_50752_13"
    ],
    "SN_EMB_0": [
      "E_5255_4"
    ],
    "SN_EMB_1": [
      "E_22099_12"
    ],
    "SN_LOGIT_0": [
      "27_11430_13"
    ]
  },
  "score_details": {
    "SN_0": {
      "intra_sim": 0.9176696679435716,
      "n": 8
    },
    "SN_1": {
      "intra_sim": 1.0,
      "n": 1
    },
    "SN_2": {
      "intra_sim": 0.8982319051919605,
      "n": 3
    },
    "SN_3": {
      "intra_sim": 0.8219227944787798,
      "n": 5
    }
  },
  "flow_report": {
    "path_decomposition": {
      "paths": [
        {
          "path": [
            "SN_EMB_1",
            "SN_LOGIT_0"
          ],
          "flow": 34.75,
          "frac": 0.7664346134380415,
          "length": 2
        },
        {
          "path": [
            "SN_EMB_1",
            "SN_1",
            "SN_LOGIT_0"
          ],
          "flow": 4.682059683466585,
          "frac": 0.10326597420407344,
          "length": 3
        },
        {
          "path": [
            "SN_EMB_0",
            "SN_2",
            "SN_LOGIT_0"
          ],
          "flow": 2.9377551623616687,
          "frac": 0.0647941652443245,
          "length": 3
        },
        {
          "path": [
            "SN_EMB_1",
            "SN_0",
            "SN_LOGIT_0"
          ],
          "flow": 2.594258671053305,
          "frac": 0.05721811918581373,
          "length": 3
        },
        {
          "path": [
            "SN_EMB_1",
            "SN_2",
            "SN_LOGIT_0"
          ],
          "flow": 0.2664214267198265,
          "frac": 0.005876103689197748,
          "length": 3
        },
        {
          "path": [
            "SN_EMB_1",
            "SN_0",
            "SN_1",
            "SN_LOGIT_0"
          ],
          "flow": 0.10931538166442903,
          "frac": 0.0024110242385268674,
          "length": 4
        }
      ],
      "total_flow": 45.339810325265816,
      "n_paths": 6,
      "concentration": {
        "1": 0.7664346134380415,
        "2": 0.869700587642115,
        "3": 0.9344947528864395,
        "4": 0.9917128720722532,
        "5": 0.9975889757614509,
        "6": 0.9999999999999778
      },
      "D_phi": 2.220446049250313e-14,
      "top_k": 10,
      "top_k_frac": 0.9999999999999778
    },
    "local_residuals": {
      "per_sn": {
        "SN_0": {
          "in_flow_pos": 3.4811663031578064,
          "in_flow_neg": 0.0,
          "in_flow_net": 3.4811663031578064,
          "out_flow_pos": 2.7812825441360474,
          "out_flow_neg": -0.2682291567325592,
          "inf_exit": 12.58203125,
          "total_out": 15.095084637403488,
          "residual_abs": 11.613918334245682,
          "residual_rel": 3.336214740360788,
          "balance": -11.613918334245682,
          "is_suppressive": false,
          "suppression_rel": null
        },
        "SN_1": {
          "in_flow_pos": 4.8515625,
          "in_flow_neg": 0.0,
          "in_flow_net": 4.8515625,
          "out_flow_pos": 4.469447553157806,
          "out_flow_neg": 0.0,
          "inf_exit": 2.59375,
          "total_out": 7.063197553157806,
          "residual_abs": 2.2116350531578064,
          "residual_rel": 0.45586036522405937,
          "balance": -2.2116350531578064,
          "is_suppressive": false,
          "suppression_rel": null
        },
        "SN_2": {
          "in_flow_pos": 2.7835285663604736,
          "in_flow_neg": -0.2682291567325592,
          "in_flow_net": 2.5152994096279144,
          "out_flow_pos": 1.7547200918197632,
          "out_flow_neg": 0.0,
          "inf_exit": 3.91796875,
          "total_out": 5.672688841819763,
          "residual_abs": 3.1573894321918488,
          "residual_rel": 1.2552737936902958,
          "balance": -3.1573894321918488,
          "is_suppressive": false,
          "suppression_rel": null
        },
        "SN_3": {
          "in_flow_pos": 4.464876294136047,
          "in_flow_neg": 0.0,
          "in_flow_net": 4.464876294136047,
          "out_flow_pos": 0.0,
          "out_flow_neg": -1.954687476158142,
          "inf_exit": -9.7734375,
          "total_out": -11.728124976158142,
          "residual_abs": 16.19300127029419,
          "residual_rel": 3.626752501868342,
          "balance": 16.19300127029419,
          "is_suppressive": true,
          "suppression_rel": 2.1889604226736967
        }
      },
      "R_phi_balance": 1.6824496330917142,
      "R_phi_suppressive": 2.1889604226736967,
      "R_phi_max": 3.336214740360788,
      "R_phi": 1.6824496330917142,
      "n_middle": 4,
      "n_suppressive": 1,
      "n_balanced": 3
    },
    "shortcut_analysis": {
      "edges": [
        {
          "src": "SN_EMB_1",
          "tgt": "SN_LOGIT_0",
          "weight": 8.6875,
          "shortcut_ratio": 0.7700831024930065,
          "is_shortcut": false,
          "best_mediator": "SN_1",
          "mediation_strength": 2.59375
        },
        {
          "src": "SN_EMB_1",
          "tgt": "SN_1",
          "weight": 4.25,
          "shortcut_ratio": 0.8760064412236519,
          "is_shortcut": false,
          "best_mediator": "SN_0",
          "mediation_strength": 0.6015625
        },
        {
          "src": "SN_1",
          "tgt": "SN_LOGIT_0",
          "weight": 2.59375,
          "shortcut_ratio": 0.7325453095068452,
          "is_shortcut": false,
          "best_mediator": "SN_0",
          "mediation_strength": 0.9469866156578064
        },
        {
          "src": "SN_EMB_0",
          "tgt": "SN_2",
          "weight": 2.5520832538604736,