{
  "graph_name": "gemmascope-transcoder-16k-p05-fact-the-language-spoken-20260424-173930-964822_prune_graph",
  "dataset": "gemmascope-transcoder-16k",
  "graph_path": "/workspace/demos/subgraph/gemmascope-transcoder-16k/gemmascope-transcoder-16k-p05-fact-the-language-spoken-20260424-173930-964822_prune_graph.pt",
  "method": "ours-arith-cos_relu-edge",
  "method_family": "ours",
  "mean_method": "arith",
  "normalization": "cos_relu",
  "similarity_mode": "edge",
  "best_k": 4,
  "auto_k_candidates": 3,
  "n_supernodes": 8,
  "total": 0.7592252522605104,
  "total_base": 0.7592252522605104,
  "intra_sim": 0.5,
  "dag_safety": 0.8333333333333334,
  "attr_balance": 0.8376102289001977,
  "size_score": 0.9574468085106383,
  "n_middle": 4,
  "n_warnings": 1,
  "inf_conservation": 0.9999999425206284,
  "edge_conservation": 0.04932735426008957,
  "within_cluster_weighted_edge_cosine_mean": 0.4016460892522627,
  "F_phi": 0.8910168795831968,
  "path_score": 0.996435626917144,
  "residual_score": 0.7091754935806167,
  "shortcut_score": 0.9322999358071806,
  "D_phi": 0.003564373082855954,
  "R_phi": 0.29082450641938334,
  "R_phi_balance": 0.29082450641938334,
  "R_phi_suppressive": 0.6173240028820505,
  "R_phi_max": 0.6158195544147536,
  "shortcut_frac": 0.06770006419281943,
  "sigma_phi": 0.06770006419281943,
  "top_k_frac": 0.996435626917144,
  "n_paths": 13,
  "n_shortcuts": 3,
  "n_direct": 17,
  "n_suppressive": 1,
  "n_balanced": 3,
  "result_path": "/workspace/eval_outputs/clustering/runs/gemmascope-transcoder-16k-p05-fact-the-language-spoken-20260424-173930-964822_prune_graph/ours-arith-cos_relu-edge/result.json",
  "supernode_map_path": "/workspace/eval_outputs/clustering/runs/gemmascope-transcoder-16k-p05-fact-the-language-spoken-20260424-173930-964822_prune_graph/ours-arith-cos_relu-edge/supernode_map.json",
  "auto_k_sweep_path": "/workspace/eval_outputs/clustering/runs/gemmascope-transcoder-16k-p05-fact-the-language-spoken-20260424-173930-964822_prune_graph/ours-arith-cos_relu-edge/auto_k_sweep.json",
  "flow_report_path": "/workspace/eval_outputs/clustering/runs/gemmascope-transcoder-16k-p05-fact-the-language-spoken-20260424-173930-964822_prune_graph/ours-arith-cos_relu-edge/flow_report.json",
  "final_supernodes": {
    "SN_0": [
      "4_10583_12",
      "6_10660_12",
      "14_10660_12",
      "16_1654_13",
      "17_3437_12",
      "17_14947_13",
      "18_9239_12",
      "18_868_13",
      "18_9239_13",
      "19_9990_12",
      "19_9990_13",
      "19_11872_13",
      "20_1194_12",
      "20_1194_13",
      "20_4752_13",
      "20_11695_13",
      "21_5251_13"
    ],
    "SN_1": [
      "17_3531_13",
      "18_3724_13",
      "18_8826_13",
      "18_14080_13",
      "19_13366_13",
      "20_12526_13"
    ],
    "SN_2": [
      "20_11695_12",
      "20_7950_13",
      "22_4314_13",
      "22_10178_13",
      "23_850_13",
      "23_3269_13",
      "23_7367_13",
      "23_7979_13",
      "23_13607_13",
      "24_4036_13",
      "25_12021_13",
      "25_12223_13"
    ],
    "SN_3": [
      "21_12621_13",
      "22_4415_13",
      "22_5277_13",
      "22_12284_13",
      "22_14724_13",
      "22_14773_13",
      "23_4074_13",
      "23_7753_13",
      "24_410_13",
      "24_723_13",
      "24_6082_13",
      "25_14538_13"
    ],
    "SN_EMB_0": [
      "E_5255_4"
    ],
    "SN_EMB_1": [
      "E_22230_5"
    ],
    "SN_EMB_2": [
      "E_22099_12"
    ],
    "SN_LOGIT_0": [
      "27_11430_13"
    ]
  },
  "score_details": {
    "SN_0": {
      "intra_sim": 0.33822303577600155,
      "n": 17
    },
    "SN_1": {
      "intra_sim": 0.3963762916624546,
      "n": 6
    },
    "SN_2": {
      "intra_sim": 0.4227112042294307,
      "n": 12
    },
    "SN_3": {
      "intra_sim": 0.2402054621330039,
      "n": 12
    }
  },
  "flow_report": {
    "path_decomposition": {
      "paths": [
        {
          "path": [
            "SN_EMB_2",
            "SN_LOGIT_0"
          ],
          "flow": 34.33959197998047,
          "frac": 0.4217383025763559,
          "length": 2
        },
        {
          "path": [
            "SN_EMB_2",
            "SN_0",
            "SN_LOGIT_0"
          ],
          "flow": 11.806613801803623,
          "frac": 0.1450017596845677,
          "length": 3
        },
        {
          "path": [
            "SN_EMB_0",
            "SN_3",
            "SN_LOGIT_0"
          ],
          "flow": 8.884444789363366,
          "frac": 0.10911342997272232,
          "length": 3
        },
        {
          "path": [
            "SN_EMB_0",
            "SN_0",
            "SN_LOGIT_0"
          ],
          "flow": 8.257155647111883,
          "frac": 0.10140944041361664,
          "length": 3
        },
        {
          "path": [
            "SN_EMB_1",
            "SN_3",
            "SN_LOGIT_0"
          ],
          "flow": 6.846258842053138,
          "frac": 0.08408165084573904,
          "length": 3
        },
        {
          "path": [
            "SN_EMB_0",
            "SN_1",
            "SN_3",
            "SN_LOGIT_0"
          ],
          "flow": 5.954550843754391,
          "frac": 0.07313022725819275,
          "length": 4
        },
        {
          "path": [
            "SN_EMB_1",
            "SN_1",
            "SN_3",
            "SN_LOGIT_0"
          ],
          "flow": 3.0932663836661307,
          "frac": 0.03798964515432774,
          "length": 4
        },
        {
          "path": [
            "SN_EMB_2",
            "SN_3",
            "SN_LOGIT_0"
          ],
          "flow": 0.9388312569560215,
          "frac": 0.011530163228063037,
          "length": 3
        },
        {
          "path": [
            "SN_EMB_2",
            "SN_0",
            "SN_3",
            "SN_LOGIT_0"
          ],
          "flow": 0.596101857980435,
          "frac": 0.0073209660118804835,
          "length": 4
        },
        {
          "path": [
            "SN_EMB_0",
            "SN_0",
            "SN_3",
            "SN_LOGIT_0"
          ],
          "flow": 0.41689394652047607,
          "frac": 0.005120041771678723,
          "length": 4
        }
      ],
      "total_flow": 81.42393463008462,
      "n_paths": 13,
      "concentration": {
        "1": 0.4217383025763559,
        "2": 0.5667400622609235,
        "3": 0.6758534922336459,
        "4": 0.7772629326472624,
        "5": 0.8613445834930015,
        "6": 0.9344748107511942,
        "7": 0.9724644559055219,
        "8": 0.983994619133585,
        "9": 0.9913155851454654,
        "10": 0.996435626917144
      },
      "D_phi": 0.003564373082855954,
      "top_k": 10,
      "top_k_frac": 0.996435626917144
    },
    "local_residuals": {
      "per_sn": {
        "SN_0": {
          "in_flow_pos": 28.32275104522705,
          "in_flow_neg": 0.0,
          "in_flow_net": 28.32275104522705,
          "out_flow_pos": 7.846707701683044,
          "out_flow_neg": 0.0,
          "inf_exit": 21.406803131103516,
          "total_out": 29.25351083278656,
          "residual_abs": 0.9307597875595093,
          "residual_rel": 0.03286261938584981,
          "balance": -0.9307597875595093,
          "is_suppressive": false,
          "suppression_rel": null
        },
        "SN_1": {
          "in_flow_pos": 27.929851964116096,
          "in_flow_neg": 0.0,
          "in_flow_net": 27.929851964116096,
          "out_flow_pos": 21.67939281463623,
          "out_flow_neg": 0.0,
          "inf_exit": 0.0,
          "total_out": 21.67939281463623,
          "residual_abs": 6.250459149479866,
          "residual_rel": 0.22379134545754664,
          "balance": 6.250459149479866,
          "is_suppressive": false,
          "suppression_rel": null
        },
        "SN_2": {
          "in_flow_pos": 34.359421372413635,
          "in_flow_neg": 0.0,
          "in_flow_net": 34.359421372413635,
          "out_flow_pos": 0.0,
          "out_flow_neg": -3.0970003604888916,
          "inf_exit": -21.210895538330078,