{
  "graph_name": "gemmascope-transcoder-16k-p05-fact-the-language-spoken-20260424-173930-964822_prune_graph",
  "dataset": "gemmascope-transcoder-16k",
  "graph_path": "/workspace/demos/subgraph/gemmascope-transcoder-16k/gemmascope-transcoder-16k-p05-fact-the-language-spoken-20260424-173930-964822_prune_graph.pt",
  "method": "baseline-kmeans-node-profile",
  "method_family": "baseline",
  "mean_method": null,
  "normalization": null,
  "similarity_mode": null,
  "best_k": 3,
  "auto_k_candidates": 3,
  "n_supernodes": 7,
  "total": 0.577144967268443,
  "total_base": 0.577144967268443,
  "intra_sim": 0.4663697490508384,
  "dag_safety": 1.0,
  "attr_balance": 0.0,
  "size_score": 0.9361702127659575,
  "n_middle": 3,
  "n_warnings": 0,
  "inf_conservation": 1.0000000359245096,
  "edge_conservation": 0.03363228699551562,
  "within_cluster_weighted_edge_cosine_mean": 0.19307706352912152,
  "F_phi": 0.7963027915465791,
  "path_score": 0.9999999999999813,
  "residual_score": 0.3960417700513489,
  "shortcut_score": 0.9249675351039396,
  "D_phi": 1.865174681370263e-14,
  "R_phi": 0.6039582299486511,
  "R_phi_balance": 0.6039582299486511,
  "R_phi_suppressive": 0.019814925585041273,
  "R_phi_max": 0.718329700980818,
  "shortcut_frac": 0.07503246489606039,
  "sigma_phi": 0.07503246489606039,
  "top_k_frac": 0.9999999999999813,
  "n_paths": 2,
  "n_shortcuts": 2,
  "n_direct": 10,
  "n_suppressive": 1,
  "n_balanced": 2,
  "result_path": "/workspace/eval_outputs/clustering/runs/gemmascope-transcoder-16k-p05-fact-the-language-spoken-20260424-173930-964822_prune_graph/baseline-kmeans-node-profile/result.json",
  "supernode_map_path": "/workspace/eval_outputs/clustering/runs/gemmascope-transcoder-16k-p05-fact-the-language-spoken-20260424-173930-964822_prune_graph/baseline-kmeans-node-profile/supernode_map.json",
  "auto_k_sweep_path": "/workspace/eval_outputs/clustering/runs/gemmascope-transcoder-16k-p05-fact-the-language-spoken-20260424-173930-964822_prune_graph/baseline-kmeans-node-profile/auto_k_sweep.json",
  "flow_report_path": "/workspace/eval_outputs/clustering/runs/gemmascope-transcoder-16k-p05-fact-the-language-spoken-20260424-173930-964822_prune_graph/baseline-kmeans-node-profile/flow_report.json",
  "final_supernodes": {
    "SN_0": [
      "4_10583_12",
      "6_10660_12",
      "14_10660_12",
      "17_3437_12",
      "18_9239_12",
      "18_9239_13",
      "19_9990_12",
      "19_9990_13",
      "20_1194_12",
      "20_11695_12",
      "20_1194_13",
      "20_11695_13",
      "23_850_13",
      "25_12223_13"
    ],
    "SN_1": [
      "16_1654_13",
      "17_14947_13",
      "18_868_13",
      "18_3724_13",
      "18_8826_13",
      "19_11872_13",
      "20_4752_13",
      "20_7950_13",
      "20_12526_13",
      "21_5251_13",
      "21_12621_13",
      "22_4314_13",
      "22_4415_13",
      "22_5277_13",
      "22_10178_13",
      "22_12284_13",
      "22_14724_13",
      "22_14773_13",
      "23_3269_13",
      "23_4074_13",
      "23_7367_13",
      "23_7753_13",
      "23_7979_13",
      "23_13607_13",
      "24_410_13",
      "24_723_13",
      "24_4036_13",
      "24_6082_13",
      "25_12021_13",
      "25_14538_13"
    ],
    "SN_2": [
      "17_3531_13",
      "18_14080_13",
      "19_13366_13"
    ],
    "SN_EMB_0": [
      "E_5255_4"
    ],
    "SN_EMB_1": [
      "E_22230_5"
    ],
    "SN_EMB_2": [
      "E_22099_12"
    ],
    "SN_LOGIT_0": [
      "27_11430_13"
    ]
  },
  "score_details": {
    "SN_0": {
      "intra_sim": 0.7855911858637631,
      "n": 14
    },
    "SN_1": {
      "intra_sim": 0.6126180504166996,
      "n": 30
    },
    "SN_2": {
      "intra_sim": 0.8589743852283962,
      "n": 3
    }
  },
  "flow_report": {
    "path_decomposition": {
      "paths": [
        {
          "path": [
            "SN_EMB_2",
            "SN_LOGIT_0"
          ],
          "flow": 34.33959197998047,
          "frac": 0.6391689144435898,
          "length": 2
        },
        {
          "path": [
            "SN_EMB_2",
            "SN_0",
            "SN_LOGIT_0"
          ],
          "flow": 19.38578671725041,
          "frac": 0.36083108555639154,
          "length": 3
        }
      ],
      "total_flow": 53.72537869723088,
      "n_paths": 2,
      "concentration": {
        "1": 0.6391689144435898,
        "2": 0.9999999999999813
      },
      "D_phi": 1.865174681370263e-14,
      "top_k": 10,
      "top_k_frac": 0.9999999999999813
    },
    "local_residuals": {
      "per_sn": {
        "SN_0": {
          "in_flow_pos": 21.072101593017578,
          "in_flow_neg": -0.09059721231460571,
          "in_flow_net": 20.981504380702972,
          "out_flow_pos": 2.0885444469749928,
          "out_flow_neg": 0.0,
          "inf_exit": 8.62069320678711,
          "total_out": 10.709237653762102,
          "residual_abs": 10.27226672694087,
          "residual_rel": 0.4895867589164841,
          "balance": 10.27226672694087,
          "is_suppressive": false,
          "suppression_rel": null
        },
        "SN_1": {
          "in_flow_pos": 30.985766172409058,
          "in_flow_neg": 0.0,
          "in_flow_net": 30.985766172409058,
          "out_flow_pos": 2.9477787017822266,
          "out_flow_neg": -0.11983439698815346,
          "inf_exit": -0.6139806509017944,
          "total_out": 2.2139636538922787,
          "residual_abs": 28.77180251851678,
          "residual_rel": 0.9285490104851883,
          "balance": 28.77180251851678,
          "is_suppressive": true,
          "suppression_rel": 0.019814925585041273
        },
        "SN_2": {
          "in_flow_pos": 36.02332599833608,
          "in_flow_neg": -0.19163918495178223,
          "in_flow_net": 35.831686813384295,
          "out_flow_pos": 10.092721939086914,
          "out_flow_neg": 0.0,
          "inf_exit": 0.0,
          "total_out": 10.092721939086914,
          "residual_abs": 25.73896487429738,
          "residual_rel": 0.718329700980818,
          "balance": 25.73896487429738,
          "is_suppressive": false,
          "suppression_rel": null
        }
      },
      "R_phi_balance": 0.6039582299486511,
      "R_phi_suppressive": 0.019814925585041273,
      "R_phi_max": 0.718329700980818,
      "R_phi": 0.6039582299486511,
      "n_middle": 3,
      "n_suppressive": 1,
      "n_balanced": 2
    },
    "shortcut_analysis": {
      "edges": [
        {
          "src": "SN_EMB_0",
          "tgt": "SN_2",
          "weight": 23.074617385864258,
          "shortcut_ratio": 0.8867214728476714,
          "is_shortcut": false,
          "best_mediator": "SN_1",
          "mediation_strength": 2.9477787017822266
        },
        {
          "src": "SN_EMB_2",
          "tgt": "SN_0",
          "weight": 21.072101593017578,
          "shortcut_ratio": 0.9999999999999526,
          "is_shortcut": false,
          "best_mediator": null,
          "mediation_strength": 0.0
        },
        {
          "src": "SN_EMB_0",
          "tgt": "SN_1",
          "weight": 10.359269142150879,
          "shortcut_ratio": 0.5065164120697148,
          "is_shortcut": false,
          "best_mediator": "SN_2",
          "mediation_strength": 10.092721939086914
        },
        {
          "src": "SN_2",
          "tgt": "SN_1",
          "weight": 10.092721939086914,
          "shortcut_ratio": 0.9999999999999009,
          "is_shortcut": false,
          "best_mediator": null,
          "mediation_strength": 0.0
        },
        {
          "src": "SN_EMB_1",
          "tgt": "SN_2",
          "weight": 9.955729484558105,
          "shortcut_ratio": 0.7715521500653969,
          "is_shortcut": false,
          "best_mediator": "SN_1",
          "mediation_strength": 2.9477787017822266
        },
        {
          "src": "SN_EMB_2",
          "tgt": "SN_LOGIT_0",
          "weight": 8.584897994995117,
          "shortcut_ratio": 0.9330739681249796,
          "is_shortcut": false,
          "best_mediator": "SN_0",