{
  "9": {
    "total": 0.7663222134222324,
    "total_base": 0.7663222134222324,
    "intra_sim": 0.6111111111111112,
    "dag_safety": 0.8333333333333334,
    "flow_balance": 0.7496860168094965,
    "attr_balance": 0.7496860168094965,
    "size_score": 0.9361702127659575,
    "n_middle": 9,
    "n_warnings": 6,
    "inf_conservation": 1.0000000538867944,
    "edge_conservation": 0.15022421524663643,
    "details": {
      "SN_0": {
        "intra_sim": 0.6397867202758789,
        "n": 2
      },
      "SN_1": {
        "intra_sim": 0.2820357496172867,
        "n": 12
      },
      "SN_2": {
        "intra_sim": 0.22696844993957452,
        "n": 7
      },
      "SN_3": {
        "intra_sim": 0.4211750626564026,
        "n": 2
      },
      "SN_4": {
        "intra_sim": 0.5457883906861146,
        "n": 6
      },
      "SN_5": {
        "intra_sim": 0.08254119008779526,
        "n": 2
      },
      "SN_6": {
        "intra_sim": 0.26567504554986954,
        "n": 4
      },
      "SN_7": {
        "intra_sim": 0.267668421967842,
        "n": 7
      },
      "SN_8": {
        "intra_sim": 0.32870075535029175,
        "n": 5
      }
    }
  },
  "10": {
    "total": 0.7986237319000441,
    "total_base": 0.7986237319000441,
    "intra_sim": 0.6,
    "dag_safety": 0.8444444444444444,
    "flow_balance": 0.8981355895387108,
    "attr_balance": 0.8981355895387108,
    "size_score": 0.9148936170212766,
    "n_middle": 10,
    "n_warnings": 7,
    "inf_conservation": 1.0000000107773108,
    "edge_conservation": 0.1681614349775781,
    "details": {
      "SN_0": {
        "intra_sim": 0.6397867202758789,
        "n": 2
      },
      "SN_1": {
        "intra_sim": 0.38646935432084967,
        "n": 8
      },
      "SN_2": {
        "intra_sim": 0.22696844993957452,
        "n": 7
      },
      "SN_3": {
        "intra_sim": 0.4211750626564026,
        "n": 2
      },
      "SN_4": {
        "intra_sim": 0.3666882380843163,
        "n": 6
      },
      "SN_5": {
        "intra_sim": 0.5457883906861146,
        "n": 6
      },
      "SN_6": {
        "intra_sim": 0.08254119008779526,
        "n": 2
      },
      "SN_7": {
        "intra_sim": 0.26567504554986954,
        "n": 4
      },
      "SN_8": {
        "intra_sim": 0.267668421967842,
        "n": 7
      },
      "SN_9": {
        "intra_sim": 0.36877984801928204,
        "n": 3
      }
    }
  },
  "11": {
    "total": 0.7987118470945423,
    "total_base": 0.7987118470945423,
    "intra_sim": 0.5909090909090908,
    "dag_safety": 0.8727272727272728,
    "flow_balance": 0.8981355895387108,
    "attr_balance": 0.8981355895387108,
    "size_score": 0.8936170212765957,
    "n_middle": 11,
    "n_warnings": 7,
    "inf_conservation": 1.0000000107773108,
    "edge_conservation": 0.1950672645739906,
    "details": {
      "SN_0": {
        "intra_sim": 0.6397867202758789,
        "n": 2
      },
      "SN_1": {
        "intra_sim": 0.38646935432084967,
        "n": 8
      },
      "SN_2": {
        "intra_sim": 0.535840380936861,
        "n": 4
      },
      "SN_3": {
        "intra_sim": 0.1150245430568854,
        "n": 3
      },
      "SN_4": {
        "intra_sim": 0.4211750626564026,
        "n": 2
      },
      "SN_5": {
        "intra_sim": 0.3666882380843163,
        "n": 6
      },
      "SN_6": {
        "intra_sim": 0.5457883906861146,
        "n": 6
      },
      "SN_7": {
        "intra_sim": 0.08254119008779526,
        "n": 2
      },
      "SN_8": {
        "intra_sim": 0.26567504554986954,
        "n": 4
      },
      "SN_9": {
        "intra_sim": 0.267668421967842,
        "n": 7
      },
      "SN_10": {
        "intra_sim": 0.36877984801928204,
        "n": 3
      }
    }
  },
  "12": {
    "total": 0.7925991104507378,
    "total_base": 0.7925991104507378,
    "intra_sim": 0.7083333333333333,
    "dag_safety": 0.8939393939393939,
    "flow_balance": 0.7285847074380254,
    "attr_balance": 0.7285847074380254,
    "size_score": 0.8723404255319149,
    "n_middle": 12,
    "n_warnings": 7,
    "inf_conservation": 1.0000000826264501,
    "edge_conservation": 0.2062780269058291,
    "details": {
      "SN_0": {
        "intra_sim": 0.6397867202758789,
        "n": 2
      },
      "SN_1": {
        "intra_sim": 0.3036452338049209,
        "n": 11
      },
      "SN_2": {
        "intra_sim": 0.8543253342310587,
        "n": 3
      },
      "SN_3": {
        "intra_sim": 0.1150245430568854,
        "n": 3
      },
      "SN_4": {
        "intra_sim": 0.4211750626564026,
        "n": 2
      },
      "SN_5": {
        "intra_sim": 0.5457883906861146,
        "n": 6
      },
      "SN_6": {
        "intra_sim": 1.0,
        "n": 1
      },
      "SN_7": {
        "intra_sim": 1.0,
        "n": 1
      },
      "SN_8": {
        "intra_sim": 0.26567504554986954,
        "n": 4
      },
      "SN_9": {
        "intra_sim": 0.37370556096235913,
        "n": 4
      },
      "SN_10": {
        "intra_sim": 0.267668421967842,
        "n": 7
      },
      "SN_11": {
        "intra_sim": 0.36877984801928204,
        "n": 3
      }
    }
  },
  "13": {
    "total": 0.8056831298538722,
    "total_base": 0.8056831298538722,
    "intra_sim": 0.6538461538461539,
    "dag_safety": 0.9358974358974359,
    "flow_balance": 0.8213686350728809,
    "attr_balance": 0.8213686350728809,
    "size_score": 0.851063829787234,
    "n_middle": 13,
    "n_warnings": 5,
    "inf_conservation": 1.0000000107773108,
    "edge_conservation": 0.2264573991031385,
    "details": {
      "SN_0": {
        "intra_sim": 0.6397867202758789,
        "n": 2
      },
      "SN_1": {
        "intra_sim": 0.34881728628857267,
        "n": 9
      },
      "SN_2": {
        "intra_sim": 0.535840380936861,
        "n": 4
      },
      "SN_3": {
        "intra_sim": 0.1150245430568854,
        "n": 3
      },
      "SN_4": {
        "intra_sim": 0.4211750626564026,
        "n": 2
      },
      "SN_5": {
        "intra_sim": 0.4366310931742191,
        "n": 5
      },
      "SN_6": {
        "intra_sim": 0.5457883906861146,
        "n": 6
      },
      "SN_7": {
        "intra_sim": 1.0,
        "n": 1
      },
      "SN_8": {
        "intra_sim": 1.0,
        "n": 1
      },
      "SN_9": {
        "intra_sim": 0.26567504554986954,
        "n": 4
      },
      "SN_10": {
        "intra_sim": 0.3010002672672272,
        "n": 3
      },
      "SN_11": {
        "intra_sim": 0.4437618777155876,
        "n": 4
      },
      "SN_12": {
        "intra_sim": 0.36877984801928204,
        "n": 3
      }
    }
  }
}