{
  "5": {
    "total": 0.6838877446794394,
    "total_base": 0.6838877446794394,
    "intra_sim": 0.5987248644202211,
    "dag_safety": 0.7,
    "flow_balance": 0.5540042183365689,
    "attr_balance": 0.5540042183365689,
    "size_score": 0.9538461538461538,
    "n_middle": 5,
    "n_warnings": 3,
    "inf_conservation": 1.0000000752045797,
    "edge_conservation": 0.060097833682739306,
    "details": {
      "SN_0": {
        "intra_sim": 0.08864402528852225,
        "n": 6
      },
      "SN_1": {
        "intra_sim": 0.31580502912402153,
        "n": 4
      },
      "SN_2": {
        "intra_sim": 0.4693709864680256,
        "n": 8
      },
      "SN_3": {
        "intra_sim": 0.29525880993844256,
        "n": 44
      },
      "SN_4": {
        "intra_sim": 0.856409509976705,
        "n": 3
      }
    }
  },
  "6": {
    "total": 0.8003326052915725,
    "total_base": 0.8003326052915725,
    "intra_sim": 0.5833333333333333,
    "dag_safety": 0.9333333333333333,
    "flow_balance": 0.792612472448341,
    "attr_balance": 0.792612472448341,
    "size_score": 0.9692307692307692,
    "n_middle": 6,
    "n_warnings": 1,
    "inf_conservation": 1.0000000928997925,
    "edge_conservation": 0.07617051013277423,
    "details": {
      "SN_0": {
        "intra_sim": 0.10932272623869635,
        "n": 7
      },
      "SN_1": {
        "intra_sim": 0.31580502912402153,
        "n": 4
      },
      "SN_2": {
        "intra_sim": 0.4104006639643047,
        "n": 29
      },
      "SN_3": {
        "intra_sim": 0.34905995604182993,
        "n": 15
      },
      "SN_4": {
        "intra_sim": 0.5382365435361862,
        "n": 7
      },
      "SN_5": {
        "intra_sim": 0.856409509976705,
        "n": 3
      }
    }
  },
  "7": {
    "total": 0.8102843325710177,
    "total_base": 0.8102843325710177,
    "intra_sim": 0.6428571428571428,
    "dag_safety": 0.9523809523809523,
    "flow_balance": 0.7296354987822392,
    "attr_balance": 0.7296354987822392,
    "size_score": 0.9846153846153847,
    "n_middle": 7,
    "n_warnings": 1,
    "inf_conservation": 1.000000057509367,
    "edge_conservation": 0.08525506638714181,
    "details": {
      "SN_0": {
        "intra_sim": 0.12980524754772585,
        "n": 6
      },
      "SN_1": {
        "intra_sim": 0.31580502912402153,
        "n": 4
      },
      "SN_2": {
        "intra_sim": 1.0,
        "n": 1
      },
      "SN_3": {
        "intra_sim": 0.44565892232097076,
        "n": 27
      },
      "SN_4": {
        "intra_sim": 0.3212828756077215,
        "n": 17
      },
      "SN_5": {
        "intra_sim": 0.5382365435361862,
        "n": 7
      },
      "SN_6": {
        "intra_sim": 0.856409509976705,
        "n": 3
      }
    }
  },
  "8": {
    "total": 0.82616274619988,
    "total_base": 0.82616274619988,
    "intra_sim": 0.6875,
    "dag_safety": 0.9642857142857143,
    "flow_balance": 0.715365270513806,
    "attr_balance": 0.715365270513806,
    "size_score": 1.0,
    "n_middle": 8,
    "n_warnings": 1,
    "inf_conservation": 1.0000000486617606,
    "edge_conservation": 0.09643605870020958,
    "details": {
      "SN_0": {
        "intra_sim": 0.1336700601192812,
        "n": 4
      },
      "SN_1": {
        "intra_sim": 0.31580502912402153,
        "n": 4
      },
      "SN_2": {
        "intra_sim": 1.0,
        "n": 1
      },
      "SN_3": {
        "intra_sim": 0.6618462800979614,
        "n": 2
      },
      "SN_4": {
        "intra_sim": 0.4740859482016486,
        "n": 26
      },
      "SN_5": {
        "intra_sim": 0.2921265160263169,
        "n": 18
      },
      "SN_6": {
        "intra_sim": 0.5382365435361862,
        "n": 7
      },
      "SN_7": {
        "intra_sim": 0.856409509976705,
        "n": 3
      }
    }
  },
  "9": {
    "total": 0.7923263392191685,
    "total_base": 0.7923263392191685,
    "intra_sim": 0.6111111111111112,
    "dag_safety": 0.8611111111111112,
    "flow_balance": 0.7871686047399217,
    "attr_balance": 0.7871686047399217,
    "size_score": 0.9846153846153847,
    "n_middle": 9,
    "n_warnings": 5,
    "inf_conservation": 1.0000000398141544,
    "edge_conservation": 0.11390635918937798,
    "details": {
      "SN_0": {
        "intra_sim": 0.1336700601192812,
        "n": 4
      },
      "SN_1": {
        "intra_sim": 0.5064132213592529,
        "n": 3
      },
      "SN_2": {
        "intra_sim": 0.27483341097831726,
        "n": 2
      },
      "SN_3": {
        "intra_sim": 0.4693709864680256,
        "n": 8
      },
      "SN_4": {
        "intra_sim": 1.0,
        "n": 1
      },
      "SN_5": {
        "intra_sim": 0.40345809517682274,
        "n": 12
      },
      "SN_6": {
        "intra_sim": 0.3453300014060611,
        "n": 16
      },
      "SN_7": {
        "intra_sim": 0.6431004498755404,
        "n": 16
      },
      "SN_8": {
        "intra_sim": 0.856409509976705,
        "n": 3
      }
    }
  }
}