{
  "11": {
    "total": 0.7467416321128514,
    "total_base": 0.7467416321128514,
    "intra_sim": 0.5454545454545454,
    "dag_safety": 0.8,
    "flow_balance": 0.840529182014059,
    "attr_balance": 0.840529182014059,
    "size_score": 0.8648648648648649,
    "n_middle": 11,
    "n_warnings": 11,
    "inf_conservation": 0.9999999441113496,
    "edge_conservation": 0.3787375415282386,
    "details": {
      "SN_0": {
        "intra_sim": 0.11384250720342,
        "n": 3
      },
      "SN_1": {
        "intra_sim": 0.05905867461115122,
        "n": 4
      },
      "SN_2": {
        "intra_sim": 0.02073149513453245,
        "n": 5
      },
      "SN_3": {
        "intra_sim": 0.04893009985486666,
        "n": 4
      },
      "SN_4": {
        "intra_sim": 0.137022003531456,
        "n": 2
      },
      "SN_5": {
        "intra_sim": 0.028340413700789213,
        "n": 4
      },
      "SN_6": {
        "intra_sim": 0.1873922497034073,
        "n": 3
      },
      "SN_7": {
        "intra_sim": 0.12264311897257964,
        "n": 6
      },
      "SN_8": {
        "intra_sim": 1.0,
        "n": 1
      },
      "SN_9": {
        "intra_sim": 0.094449982047081,
        "n": 2
      },
      "SN_10": {
        "intra_sim": 0.011633190947274366,
        "n": 3
      }
    }
  },
  "12": {
    "total": 0.6914192537481656,
    "total_base": 0.6914192537481656,
    "intra_sim": 0.5,
    "dag_safety": 0.6818181818181819,
    "flow_balance": 0.8135885629042106,
    "attr_balance": 0.8135885629042106,
    "size_score": 0.8378378378378378,
    "n_middle": 12,
    "n_warnings": 21,
    "inf_conservation": 0.9999999433013699,
    "edge_conservation": 0.3986710963455143,
    "details": {
      "SN_0": {
        "intra_sim": 0.11384250720342,
        "n": 3
      },
      "SN_1": {
        "intra_sim": 0.04302985879282157,
        "n": 6
      },
      "SN_2": {
        "intra_sim": 0.024493764465053875,
        "n": 3
      },
      "SN_3": {
        "intra_sim": 0.1913364827632904,
        "n": 2
      },
      "SN_4": {
        "intra_sim": 0.137022003531456,
        "n": 2
      },
      "SN_5": {
        "intra_sim": 0.039723965960244335,
        "n": 3
      },
      "SN_6": {
        "intra_sim": 0.10069597095605873,
        "n": 7
      },
      "SN_7": {
        "intra_sim": 0.1873922497034073,
        "n": 3
      },
      "SN_8": {
        "intra_sim": 0.01893633045256138,
        "n": 2
      },
      "SN_9": {
        "intra_sim": 0.02185676619410515,
        "n": 2
      },
      "SN_10": {
        "intra_sim": 0.094449982047081,
        "n": 2
      },
      "SN_11": {
        "intra_sim": 0.0,
        "n": 2
      }
    }
  },
  "13": {
    "total": 0.6741209823586823,
    "total_base": 0.6741209823586823,
    "intra_sim": 0.5384615384615384,
    "dag_safety": 0.6666666666666667,
    "flow_balance": 0.7350147679655676,
    "attr_balance": 0.7350147679655676,
    "size_score": 0.8108108108108107,
    "n_middle": 13,
    "n_warnings": 26,
    "inf_conservation": 0.9999999465412885,
    "edge_conservation": 0.4418604651162783,
    "details": {
      "SN_0": {
        "intra_sim": 0.11384250720342,
        "n": 3
      },
      "SN_1": {
        "intra_sim": 0.04302985879282157,
        "n": 6
      },
      "SN_2": {
        "intra_sim": 0.024493764465053875,
        "n": 3
      },
      "SN_3": {
        "intra_sim": 0.1913364827632904,
        "n": 2
      },
      "SN_4": {
        "intra_sim": 0.137022003531456,
        "n": 2
      },
      "SN_5": {
        "intra_sim": 0.039723965960244335,
        "n": 3
      },
      "SN_6": {
        "intra_sim": 0.01893633045256138,
        "n": 2
      },
      "SN_7": {
        "intra_sim": 0.05576940098156532,
        "n": 3
      },
      "SN_8": {
        "intra_sim": 0.1873922497034073,
        "n": 3
      },
      "SN_9": {
        "intra_sim": 0.02185676619410515,
        "n": 2
      },
      "SN_10": {
        "intra_sim": 0.094449982047081,
        "n": 2
      },
      "SN_11": {
        "intra_sim": 0.1291385529562831,
        "n": 5
      },
      "SN_12": {
        "intra_sim": 1.0,
        "n": 1
      }
    }
  },
  "14": {
    "total": 0.7312541734120728,
    "total_base": 0.7312541734120728,
    "intra_sim": 0.6071428571428572,
    "dag_safety": 0.8021978021978022,
    "flow_balance": 0.7672204358520328,
    "attr_balance": 0.7672204358520328,
    "size_score": 0.7837837837837838,
    "n_middle": 14,
    "n_warnings": 18,
    "inf_conservation": 0.999999938441492,
    "edge_conservation": 0.4318936877076405,
    "details": {
      "SN_0": {
        "intra_sim": 0.11384250720342,
        "n": 3
      },
      "SN_1": {
        "intra_sim": 0.05905867461115122,
        "n": 4
      },
      "SN_2": {
        "intra_sim": 0.023384470492601395,
        "n": 2
      },
      "SN_3": {
        "intra_sim": 0.1913364827632904,
        "n": 2
      },
      "SN_4": {
        "intra_sim": 0.137022003531456,
        "n": 2
      },
      "SN_5": {
        "intra_sim": 0.048810552805662155,
        "n": 2
      },
      "SN_6": {
        "intra_sim": 0.039723965960244335,
        "n": 3
      },
      "SN_7": {
        "intra_sim": 0.04584194595615069,
        "n": 3
      },
      "SN_8": {
        "intra_sim": 0.07640941452700645,
        "n": 8
      },
      "SN_9": {
        "intra_sim": 0.1873922497034073,
        "n": 3
      },
      "SN_10": {
        "intra_sim": 0.02185676619410515,
        "n": 2
      },
      "SN_11": {
        "intra_sim": 1.0,
        "n": 1
      },
      "SN_12": {
        "intra_sim": 1.0,
        "n": 1
      },
      "SN_13": {
        "intra_sim": 1.0,
        "n": 1
      }
    }
  },
  "15": {
    "total": 0.7218768513744379,
    "total_base": 0.7218768513744379,
    "intra_sim": 0.6,
    "dag_safety": 0.8095238095238095,
    "flow_balance": 0.7525781905685367,
    "attr_balance": 0.7525781905685367,
    "size_score": 0.7567567567567568,
    "n_middle": 15,
    "n_warnings": 20,
    "inf_conservation": 0.9999999376315124,
    "edge_conservation": 0.461794019933554,
    "details": {
      "SN_0": {
        "intra_sim": 0.11384250720342,
        "n": 3
      },
      "SN_1": {
        "intra_sim": 0.04224132150411606,
        "n": 5
      },
      "SN_2": {
        "intra_sim": 0.1913364827632904,
        "n": 2
      },
      "SN_3": {
        "intra_sim": 0.023384470492601395,
        "n": 2
      },
      "SN_4": {
        "intra_sim": 0.137022003531456,
        "n": 2
      },
      "SN_5": {
        "intra_sim": 0.039723965960244335,
        "n": 3
      },
      "SN_6": {
        "intra_sim": 0.048810552805662155,
        "n": 2
      },
      "SN_7": {
        "intra_sim": 0.1873922497034073,
        "n": 3
      },
      "SN_8": {
        "intra_sim": 0.09849625422308843,
        "n": 3
      },
      "SN_9": {
        "intra_sim": 0.10768495183438062,
        "n": 5
      },
      "SN_10": {
        "intra_sim": 0.02185676619410515,
        "n": 2
      },
      "SN_11": {
        "intra_sim": 1.0,
        "n": 1
      },
      "SN_12": {
        "intra_sim": 0.02672853134572506,
        "n": 2
      },
      "SN_13": {
        "intra_sim": 1.0,
        "n": 1
      },
      "SN_14": {
        "intra_sim": 1.0,
        "n": 1
      }
    }
  }
}