{
  "graph_name": "clt-hp-p02-fact-the-largest-planet-20260424-170919-703199_prune_graph",
  "dataset": "clt-hp",
  "graph_path": "/workspace/demos/subgraph/clt-hp/clt-hp-p02-fact-the-largest-planet-20260424-170919-703199_prune_graph.pt",
  "method": "baseline-kmeans-node-profile",
  "method_family": "baseline",
  "mean_method": null,
  "normalization": null,
  "similarity_mode": null,
  "best_k": 3,
  "auto_k_candidates": 3,
  "n_supernodes": 8,
  "total": 0.8549424847865261,
  "total_base": 0.8549424847865261,
  "intra_sim": 0.5197831805774676,
  "dag_safety": 1.0,
  "attr_balance": 0.9960301224531428,
  "size_score": 1.0,
  "n_middle": 3,
  "n_warnings": 0,
  "inf_conservation": 0.9999999999999348,
  "edge_conservation": 0.26153846153845756,
  "within_cluster_weighted_edge_cosine_mean": 0.8464539575678011,
  "F_phi": 0.6982911768185025,
  "path_score": 0.9992549906326094,
  "residual_score": 0.013711906492346215,
  "shortcut_score": 0.9815853620591828,
  "D_phi": 0.0007450093673906366,
  "R_phi": 0.9862880935076538,
  "R_phi_balance": 0.9862880935076538,
  "R_phi_suppressive": 0.0,
  "R_phi_max": 1.5757104657662515,
  "shortcut_frac": 0.01841463794081726,
  "sigma_phi": 0.01841463794081726,
  "top_k_frac": 0.9992549906326094,
  "n_paths": 12,
  "n_shortcuts": 3,
  "n_direct": 13,
  "n_suppressive": 0,
  "n_balanced": 3,
  "result_path": "/workspace/eval_outputs/clustering/runs/clt-hp-p02-fact-the-largest-planet-20260424-170919-703199_prune_graph/baseline-kmeans-node-profile/result.json",
  "supernode_map_path": "/workspace/eval_outputs/clustering/runs/clt-hp-p02-fact-the-largest-planet-20260424-170919-703199_prune_graph/baseline-kmeans-node-profile/supernode_map.json",
  "auto_k_sweep_path": "/workspace/eval_outputs/clustering/runs/clt-hp-p02-fact-the-largest-planet-20260424-170919-703199_prune_graph/baseline-kmeans-node-profile/auto_k_sweep.json",
  "flow_report_path": "/workspace/eval_outputs/clustering/runs/clt-hp-p02-fact-the-largest-planet-20260424-170919-703199_prune_graph/baseline-kmeans-node-profile/flow_report.json",
  "final_supernodes": {
    "SN_0": [
      "7_57837_5",
      "17_19910_5",
      "17_19910_14",
      "21_68153_14"
    ],
    "SN_1": [
      "15_33714_14",
      "16_45352_14",
      "18_60199_14",
      "19_47857_14"
    ],
    "SN_2": [
      "18_28467_14",
      "18_79057_14",
      "19_624_14",
      "19_75275_14"
    ],
    "SN_EMB_0": [
      "E_10155_4"
    ],
    "SN_EMB_1": [
      "E_14908_5"
    ],
    "SN_EMB_2": [
      "E_12677_8"
    ],
    "SN_EMB_3": [
      "E_603_14"
    ],
    "SN_LOGIT_0": [
      "27_48453_14"
    ]
  },
  "score_details": {
    "SN_0": {
      "intra_sim": 0.9450195431291072,
      "n": 4
    },
    "SN_1": {
      "intra_sim": 0.7776564080062176,
      "n": 4
    },
    "SN_2": {
      "intra_sim": 0.9494033672219668,
      "n": 4
    }
  },
  "flow_report": {
    "path_decomposition": {
      "paths": [
        {
          "path": [
            "SN_EMB_1",
            "SN_LOGIT_0"
          ],
          "flow": 14.5,
          "frac": 0.5019462711429353,
          "length": 2
        },
        {
          "path": [
            "SN_EMB_0",
            "SN_LOGIT_0"
          ],
          "flow": 3.796875,
          "frac": 0.13143636194798847,
          "length": 2
        },
        {
          "path": [
            "SN_EMB_1",
            "SN_0",
            "SN_LOGIT_0"
          ],
          "flow": 3.1511511017275042,
          "frac": 0.1090833479531085,
          "length": 3
        },
        {
          "path": [
            "SN_EMB_2",
            "SN_LOGIT_0"
          ],
          "flow": 2.859375,
          "frac": 0.09898293924478144,
          "length": 2
        },
        {
          "path": [
            "SN_EMB_0",
            "SN_1",
            "SN_LOGIT_0"
          ],
          "flow": 1.775456285365583,
          "frac": 0.06146094220803737,
          "length": 3
        },
        {
          "path": [
            "SN_EMB_1",
            "SN_2",
            "SN_LOGIT_0"
          ],
          "flow": 1.6635260743602125,
          "frac": 0.05758625586028649,
          "length": 3
        },
        {
          "path": [
            "SN_EMB_1",
            "SN_1",
            "SN_LOGIT_0"
          ],
          "flow": 0.6863047003177298,
          "frac": 0.02375779897878305,
          "length": 3
        },
        {
          "path": [
            "SN_EMB_1",
            "SN_0",
            "SN_2",
            "SN_LOGIT_0"
          ],
          "flow": 0.2701189136297197,
          "frac": 0.009350702169766788,
          "length": 4
        },
        {
          "path": [
            "SN_EMB_1",
            "SN_0",
            "SN_1",
            "SN_LOGIT_0"
          ],
          "flow": 0.11305918222997406,
          "frac": 0.003913767926814145,
          "length": 4
        },
        {
          "path": [
            "SN_EMB_0",
            "SN_1",
            "SN_2",
            "SN_LOGIT_0"
          ],
          "flow": 0.050166218675604744,
          "frac": 0.0017366032001076474,
          "length": 4
        }
      ],
      "total_flow": 28.887553974617425,
      "n_paths": 12,
      "concentration": {
        "1": 0.5019462711429353,
        "2": 0.6333826330909238,
        "3": 0.7424659810440323,
        "4": 0.8414489202888138,
        "5": 0.9029098624968511,
        "6": 0.9604961183571377,
        "7": 0.9842539173359207,
        "8": 0.9936046195056875,
        "9": 0.9975183874325017,
        "10": 0.9992549906326094
      },
      "D_phi": 0.0007450093673906366,
      "top_k": 10,
      "top_k_frac": 0.9992549906326094
    },
    "local_residuals": {
      "per_sn": {
        "SN_0": {
          "in_flow_pos": 3.13623046875,
          "in_flow_neg": -0.69921875,
          "in_flow_net": 2.43701171875,
          "out_flow_pos": 1.2371012419462204,
          "out_flow_neg": 0.0,
          "inf_exit": 2.994140625,
          "total_out": 4.23124186694622,
          "residual_abs": 1.7942301481962204,
          "residual_rel": 0.7362419041283013,
          "balance": -1.7942301481962204,
          "is_suppressive": false,
          "suppression_rel": null
        },
        "SN_1": {
          "in_flow_pos": 2.672200545668602,
          "in_flow_neg": 0.0,
          "in_flow_net": 2.672200545668602,
          "out_flow_pos": 1.10009765625,
          "out_flow_neg": 0.0,
          "inf_exit": 3.30078125,
          "total_out": 4.40087890625,
          "residual_abs": 1.728678360581398,
          "residual_rel": 0.6469119106284085,
          "balance": -1.728678360581398,
          "is_suppressive": false,
          "suppression_rel": null
        },
        "SN_2": {
          "in_flow_pos": 1.9630126953125,
          "in_flow_neg": 0.0,
          "in_flow_net": 1.9630126953125,
          "out_flow_pos": 1.29833984375,
          "out_flow_neg": 0.0,
          "inf_exit": 3.7578125,
          "total_out": 5.05615234375,
          "residual_abs": 3.0931396484375,
          "residual_rel": 1.5757104657662515,
          "balance": -3.0931396484375,
          "is_suppressive": false,
          "suppression_rel": null
        }
      },
      "R_phi_balance": 0.9862880935076538,
      "R_phi_suppressive": 0.0,
      "R_phi_max": 1.5757104657662515,
      "R_phi": 0.9862880935076538,
      "n_middle": 3,
      "n_suppressive": 0,
      "n_balanced": 3
    },
    "shortcut_analysis": {
      "edges": [
        {
          "src": "SN_EMB_1",
          "tgt": "SN_LOGIT_0",
          "weight": 3.625,
          "shortcut_ratio": 0.7941805733845072,
          "is_shortcut": false,
          "best_mediator": "SN_2",
          "mediation_strength": 0.939453125
        },
        {
          "src": "SN_EMB_1",
          "tgt": "SN_0",
          "weight": 2.96875,
          "shortcut_ratio": 0.9520826808640855,
          "is_shortcut": false,
          "best_mediator": "SN_1",