{
  "2": {
    "total": 0.7995913585126377,
    "total_base": 0.7995913585126377,
    "intra_sim": 0.41467790977940333,
    "dag_safety": 1.0,
    "flow_balance": 0.9745980961614208,
    "attr_balance": 0.9745980961614208,
    "size_score": 0.9076923076923077,
    "n_middle": 2,
    "n_warnings": 0,
    "inf_conservation": 1.0000000221189416,
    "edge_conservation": 0.025856044723969237,
    "details": {
      "SN_0": {
        "intra_sim": 0.0076366139860495775,
        "n": 43
      },
      "SN_1": {
        "intra_sim": 0.02351492131481681,
        "n": 22
      }
    }
  },
  "3": {
    "total": 0.7954727226897278,
    "total_base": 0.7954727226897278,
    "intra_sim": 0.5,
    "dag_safety": 1.0,
    "flow_balance": 0.8434293522973725,
    "attr_balance": 0.8434293522973725,
    "size_score": 0.9230769230769231,
    "n_middle": 3,
    "n_warnings": 0,
    "inf_conservation": 0.9999999999999257,
    "edge_conservation": 0.03913347309573722,
    "details": {
      "SN_0": {
        "intra_sim": 0.006337300280449531,
        "n": 31
      },
      "SN_1": {
        "intra_sim": 0.023454702172672287,
        "n": 21
      },
      "SN_2": {
        "intra_sim": 0.02821588558025467,
        "n": 13
      }
    }
  },
  "4": {
    "total": 0.6630917928717724,
    "total_base": 0.6630917928717724,
    "intra_sim": 0.5,
    "dag_safety": 0.5,
    "flow_balance": 0.8015979407178587,
    "attr_balance": 0.8015979407178587,
    "size_score": 0.9384615384615385,
    "n_middle": 4,
    "n_warnings": 3,
    "inf_conservation": 0.9999999999999257,
    "edge_conservation": 0.05310971348707194,
    "details": {
      "SN_0": {
        "intra_sim": 0.004278997151071534,
        "n": 17
      },
      "SN_1": {
        "intra_sim": 0.02182160439534688,
        "n": 17
      },
      "SN_2": {
        "intra_sim": 0.02351492131481681,
        "n": 22
      },
      "SN_3": {
        "intra_sim": 0.023737496256621346,
        "n": 9
      }
    }
  },
  "5": {
    "total": 0.6247702044800739,
    "total_base": 0.6247702044800739,
    "intra_sim": 0.5,
    "dag_safety": 0.4,
    "flow_balance": 0.7360038948433726,
    "attr_balance": 0.7360038948433726,
    "size_score": 0.9538461538461538,
    "n_middle": 5,
    "n_warnings": 6,
    "inf_conservation": 1.0000000243308433,
    "edge_conservation": 0.0677847658979734,
    "details": {
      "SN_0": {
        "intra_sim": 0.010271089306722084,
        "n": 6
      },
      "SN_1": {
        "intra_sim": 0.01840352988434269,
        "n": 20
      },
      "SN_2": {
        "intra_sim": 0.006315222175584899,
        "n": 10
      },
      "SN_3": {
        "intra_sim": 0.02448911119595562,
        "n": 20
      },
      "SN_4": {
        "intra_sim": 0.023737496256621346,
        "n": 9
      }
    }
  }
}