{
  "graph_name": "gemmascope-transcoder-16k-p04-fact-the-capital-of-20260424-173259-420935_prune_graph",
  "dataset": "gemmascope-transcoder-16k",
  "graph_path": "/workspace/demos/subgraph/gemmascope-transcoder-16k/gemmascope-transcoder-16k-p04-fact-the-capital-of-20260424-173259-420935_prune_graph.pt",
  "method": "baseline-spectral-adjacency",
  "method_family": "baseline",
  "mean_method": null,
  "normalization": null,
  "similarity_mode": null,
  "best_k": 2,
  "auto_k_candidates": 4,
  "n_supernodes": 18,
  "total": 0.7995913585126377,
  "total_base": 0.7995913585126377,
  "intra_sim": 0.41467790977940333,
  "dag_safety": 1.0,
  "attr_balance": 0.9745980961614208,
  "size_score": 0.9076923076923077,
  "n_middle": 2,
  "n_warnings": 0,
  "inf_conservation": 1.0000000221189416,
  "edge_conservation": 0.025856044723969237,
  "within_cluster_weighted_edge_cosine_mean": 0.16517481363037007,
  "F_phi": 0.7395627515182596,
  "path_score": 0.8075381760955489,
  "residual_score": 0.3996238955415995,
  "shortcut_score": 0.9888677080585339,
  "D_phi": 0.1924618239044511,
  "R_phi": 0.6003761044584005,
  "R_phi_balance": 0.6003761044584005,
  "R_phi_suppressive": 0.0,
  "R_phi_max": 0.7952674773063728,
  "shortcut_frac": 0.011132291941466133,
  "sigma_phi": 0.011132291941466133,
  "top_k_frac": 0.8075381760955489,
  "n_paths": 34,
  "n_shortcuts": 3,
  "n_direct": 25,
  "n_suppressive": 0,
  "n_balanced": 2,
  "result_path": "/workspace/eval_outputs/clustering/runs/gemmascope-transcoder-16k-p04-fact-the-capital-of-20260424-173259-420935_prune_graph/baseline-spectral-adjacency/result.json",
  "supernode_map_path": "/workspace/eval_outputs/clustering/runs/gemmascope-transcoder-16k-p04-fact-the-capital-of-20260424-173259-420935_prune_graph/baseline-spectral-adjacency/supernode_map.json",
  "auto_k_sweep_path": "/workspace/eval_outputs/clustering/runs/gemmascope-transcoder-16k-p04-fact-the-capital-of-20260424-173259-420935_prune_graph/baseline-spectral-adjacency/auto_k_sweep.json",
  "flow_report_path": "/workspace/eval_outputs/clustering/runs/gemmascope-transcoder-16k-p04-fact-the-capital-of-20260424-173259-420935_prune_graph/baseline-spectral-adjacency/flow_report.json",
  "final_supernodes": {
    "SN_0": [
      "11_3448_15",
      "12_10440_15",
      "14_3824_15",
      "14_13663_15",
      "15_1735_15",
      "17_5821_15",
      "17_9451_15",
      "18_7813_10",
      "18_868_15",
      "18_3536_15",
      "18_6000_15",
      "18_7813_15",
      "18_8765_15",
      "18_9476_15",
      "18_9990_15",
      "18_12607_15",
      "18_15734_15",
      "19_403_15",
      "19_4679_15",
      "19_14089_15",
      "19_15360_15",
      "20_12162_15",
      "20_15360_15",
      "21_1037_15",
      "21_2171_15",
      "21_3288_15",
      "21_6186_15",
      "22_1691_15",
      "22_4811_15",
      "22_12186_15",
      "22_13619_15",
      "23_7572_15",
      "23_8023_15",
      "24_165_15",
      "24_4147_15",
      "24_5278_15",
      "24_8251_15",
      "24_9927_15",
      "24_15042_15",
      "25_1069_15",
      "25_2219_15",
      "25_5810_15",
      "25_8890_15"
    ],
    "SN_1": [
      "16_4298_15",
      "16_5021_15",
      "17_7178_15",
      "18_6101_15",
      "19_1445_15",
      "19_2695_15",
      "20_2883_15",
      "21_5943_15",
      "22_9335_15",
      "22_10943_15",
      "22_11220_15",
      "23_6432_15",
      "23_12237_15",
      "23_15082_15",
      "24_157_15",
      "24_6394_15",
      "24_7080_15",
      "24_12828_15",
      "24_13530_15",
      "25_3264_15",
      "25_6085_15",
      "25_15859_15"
    ],
    "SN_EMB_0": [
      "E_2_0"
    ],
    "SN_EMB_1": [
      "E_18143_1"
    ],
    "SN_EMB_2": [
      "E_235292_2"
    ],
    "SN_EMB_3": [
      "E_714_3"
    ],
    "SN_EMB_4": [
      "E_6037_4"
    ],
    "SN_EMB_5": [
      "E_576_5"
    ],
    "SN_EMB_6": [
      "E_573_6"
    ],
    "SN_EMB_7": [
      "E_3170_7"
    ],
    "SN_EMB_8": [
      "E_1570_8"
    ],
    "SN_EMB_9": [
      "E_8641_10"
    ],
    "SN_EMB_10": [
      "E_111977_11"
    ],
    "SN_EMB_11": [
      "E_603_12"
    ],
    "SN_EMB_12": [
      "E_17022_13"
    ],
    "SN_EMB_13": [
      "E_7023_14"
    ],
    "SN_EMB_14": [
      "E_603_15"
    ],
    "SN_LOGIT_0": [
      "27_4155_15"
    ]
  },
  "score_details": {
    "SN_0": {
      "intra_sim": 0.0076366139860495775,
      "n": 43
    },
    "SN_1": {
      "intra_sim": 0.02351492131481681,
      "n": 22
    }
  },
  "flow_report": {
    "path_decomposition": {
      "paths": [
        {
          "path": [
            "SN_EMB_9",
            "SN_0",
            "SN_LOGIT_0"
          ],
          "flow": 12.500822737478012,
          "frac": 0.18708223859797998,
          "length": 3
        },
        {
          "path": [
            "SN_EMB_14",
            "SN_LOGIT_0"
          ],
          "flow": 12.063097953796387,
          "frac": 0.1805314271721477,
          "length": 2
        },
        {
          "path": [
            "SN_EMB_9",
            "SN_LOGIT_0"
          ],
          "flow": 6.153002738952637,
          "frac": 0.09208334128694273,
          "length": 2
        },
        {
          "path": [
            "SN_EMB_4",
            "SN_1",
            "SN_LOGIT_0"
          ],
          "flow": 5.319529233590146,
          "frac": 0.07960991513973076,
          "length": 3
        },
        {
          "path": [
            "SN_EMB_1",
            "SN_1",
            "SN_LOGIT_0"
          ],
          "flow": 5.2461565362739115,
          "frac": 0.07851184913606367,
          "length": 3
        },
        {
          "path": [
            "SN_EMB_3",
            "SN_LOGIT_0"
          ],
          "flow": 2.686018705368042,
          "frac": 0.040197865602058756,
          "length": 2
        },
        {
          "path": [
            "SN_EMB_12",
            "SN_0",
            "SN_LOGIT_0"
          ],
          "flow": 2.5916707759887907,
          "frac": 0.03878589278986644,
          "length": 3
        },
        {
          "path": [
            "SN_EMB_5",
            "SN_LOGIT_0"
          ],
          "flow": 2.5815138816833496,
          "frac": 0.03863388883270543,
          "length": 2
        },
        {
          "path": [
            "SN_EMB_14",
            "SN_0",
            "SN_LOGIT_0"
          ],
          "flow": 2.4462425078105405,
          "frac": 0.03660947236238157,
          "length": 3
        },
        {
          "path": [
            "SN_EMB_12",
            "SN_1",
            "SN_LOGIT_0"
          ],
          "flow": 2.3715921343154394,
          "frac": 0.03549228517567195,
          "length": 3
        }
      ],
      "total_flow": 66.81993347503595,
      "n_paths": 34,
      "concentration": {
        "1": 0.18708223859797998,
        "2": 0.36761366577012766,
        "3": 0.4596970070570704,
        "4": 0.5393069221968011,
        "5": 0.6178187713328648,
        "6": 0.6580166369349235,
        "7": 0.69680252972479,
        "8": 0.7354364185574953,
        "9": 0.7720458909198769,
        "10": 0.8075381760955489,
        "11": 0.8368938987956729,
        "12": 0.8601609900437582,
        "13": 0.8819015851006559,
        "14": 0.8971668025757807,
        "15": 0.9120221055508266,
        "16": 0.9265005193958602,
        "17": 0.937144252395343,
        "18": 0.946492013554435,
        "19": 0.9554849108892461,
        "20": 0.9637032373873944,
        "21": 0.9703179205823069,
        "22": 0.9748251811078598,
        "23": 0.9791717755957601,
        "24": 0.9834261170011329,
        "25": 0.9868375091493603,
        "26": 0.9900881553188834
      },
      "D_phi": 0.1924618239044511,
      "top_k": 10,
      "top_k_frac": 0.8075381760955489
    },
    "local_residuals": {
      "per_sn": {
        "SN_0": {
          "in_flow_pos": 25.43048484623432,
          "in_flow_neg": -7.6860083639621735,
          "in_flow_net": 17.744476482272148,
          "out_flow_pos": 0.4956963509321213,
          "out_flow_neg": 0.0,