{
  "3": {
    "total": 0.8524332564137843,
    "total_base": 0.8524332564137843,
    "intra_sim": 0.5845290302822322,
    "dag_safety": 1.0,
    "flow_balance": 0.9679996818537717,
    "attr_balance": 0.9679996818537717,
    "size_score": 0.9253731343283582,
    "n_middle": 3,
    "n_warnings": 0,
    "inf_conservation": 0.999999896133104,
    "edge_conservation": 0.01983002832861188,
    "details": {
      "SN_0": {
        "intra_sim": 0.37821258855983614,
        "n": 25
      },
      "SN_1": {
        "intra_sim": 0.29121843190163743,
        "n": 40
      },
      "SN_2": {
        "intra_sim": 0.6136538982391357,
        "n": 2
      }
    }
  },
  "4": {
    "total": 0.8693239301657367,
    "total_base": 0.8693239301657367,
    "intra_sim": 0.625,
    "dag_safety": 1.0,
    "flow_balance": 0.9750569146927974,
    "attr_balance": 0.9750569146927974,
    "size_score": 0.9402985074626866,
    "n_middle": 4,
    "n_warnings": 0,
    "inf_conservation": 0.9999999307553785,
    "edge_conservation": 0.029272898961284204,
    "details": {
      "SN_0": {
        "intra_sim": 0.37821258855983614,
        "n": 25
      },
      "SN_1": {
        "intra_sim": 0.4269227552432647,
        "n": 27
      },
      "SN_2": {
        "intra_sim": 0.4665443406631358,
        "n": 13
      },
      "SN_3": {
        "intra_sim": 0.6136538982391357,
        "n": 2
      }
    }
  },
  "5": {
    "total": 0.7999381329116895,
    "total_base": 0.7999381329116895,
    "intra_sim": 0.7,
    "dag_safety": 1.0,
    "flow_balance": 0.5955734271691462,
    "attr_balance": 0.5955734271691462,
    "size_score": 0.9552238805970149,
    "n_middle": 5,
    "n_warnings": 0,
    "inf_conservation": 0.999999909116457,
    "edge_conservation": 0.040604343720490994,
    "details": {
      "SN_0": {
        "intra_sim": 0.4105105747888137,
        "n": 19
      },
      "SN_1": {
        "intra_sim": 0.369583660914941,
        "n": 33
      },
      "SN_2": {
        "intra_sim": 0.5302168726921082,
        "n": 2
      },
      "SN_3": {
        "intra_sim": 0.6136538982391357,
        "n": 2
      },
      "SN_4": {
        "intra_sim": 0.6426402465863661,
        "n": 11
      }
    }
  },
  "6": {
    "total": 0.8234587798624741,
    "total_base": 0.8234587798624741,
    "intra_sim": 0.6666666666666667,
    "dag_safety": 0.9333333333333333,
    "flow_balance": 0.7843823831314881,
    "attr_balance": 0.7843823831314881,
    "size_score": 0.9701492537313433,
    "n_middle": 6,
    "n_warnings": 1,
    "inf_conservation": 0.9999999177720256,
    "edge_conservation": 0.051935788479697785,
    "details": {
      "SN_0": {
        "intra_sim": 0.45893030490895564,
        "n": 12
      },
      "SN_1": {
        "intra_sim": 0.4841203452422728,
        "n": 18
      },
      "SN_2": {
        "intra_sim": 0.4880753865464451,
        "n": 22
      },
      "SN_3": {
        "intra_sim": 0.5302168726921082,
        "n": 2
      },
      "SN_4": {
        "intra_sim": 0.6136538982391357,
        "n": 2
      },
      "SN_5": {
        "intra_sim": 0.6426402465863661,
        "n": 11
      }
    }
  },
  "7": {
    "total": 0.8205202971872119,
    "total_base": 0.8205202971872119,
    "intra_sim": 0.6428571428571428,
    "dag_safety": 0.9047619047619048,
    "flow_balance": 0.8178310110658339,
    "attr_balance": 0.8178310110658339,
    "size_score": 0.9850746268656716,
    "n_middle": 7,
    "n_warnings": 2,
    "inf_conservation": 0.9999998604288836,
    "edge_conservation": 0.06137865911237011,
    "details": {
      "SN_0": {
        "intra_sim": 0.36676262802488746,
        "n": 7
      },
      "SN_1": {
        "intra_sim": 0.5559240287899623,
        "n": 19
      },
      "SN_2": {
        "intra_sim": 0.5109540254398737,
        "n": 15
      },
      "SN_3": {
        "intra_sim": 0.5302168726921082,
        "n": 2
      },
      "SN_4": {
        "intra_sim": 0.6136538982391357,
        "n": 2
      },
      "SN_5": {
        "intra_sim": 0.6759663025086576,
        "n": 11
      },
      "SN_6": {
        "intra_sim": 0.6426402465863661,
        "n": 11
      }
    }
  }
}