{
  "graph_name": "gemmascope-transcoder-16k-p02-fact-the-largest-planet-20260424-172052-571968_prune_graph",
  "dataset": "gemmascope-transcoder-16k",
  "graph_path": "/workspace/demos/subgraph/gemmascope-transcoder-16k/gemmascope-transcoder-16k-p02-fact-the-largest-planet-20260424-172052-571968_prune_graph.pt",
  "method": "ours-arith-cos_relu-node",
  "method_family": "ours",
  "mean_method": "arith",
  "normalization": "cos_relu",
  "similarity_mode": "node",
  "best_k": 4,
  "auto_k_candidates": 5,
  "n_supernodes": 12,
  "total": 0.8693239301657367,
  "total_base": 0.8693239301657367,
  "intra_sim": 0.625,
  "dag_safety": 1.0,
  "attr_balance": 0.9750569146927974,
  "size_score": 0.9402985074626866,
  "n_middle": 4,
  "n_warnings": 0,
  "inf_conservation": 0.9999999307553785,
  "edge_conservation": 0.029272898961284204,
  "within_cluster_weighted_edge_cosine_mean": 0.4714322410870858,
  "F_phi": 0.7408995010003767,
  "path_score": 0.8834265883686557,
  "residual_score": 0.3156567662644493,
  "shortcut_score": 0.9761061192452654,
  "D_phi": 0.11657341163134427,
  "R_phi": 0.6843432337355507,
  "R_phi_balance": 0.6843432337355507,
  "R_phi_suppressive": 0.29220974817314627,
  "R_phi_max": 0.9834896929973393,
  "shortcut_frac": 0.023893880754734663,
  "sigma_phi": 0.023893880754734663,
  "top_k_frac": 0.8834265883686557,
  "n_paths": 20,
  "n_shortcuts": 3,
  "n_direct": 25,
  "n_suppressive": 1,
  "n_balanced": 3,
  "result_path": "/workspace/eval_outputs/clustering/runs/gemmascope-transcoder-16k-p02-fact-the-largest-planet-20260424-172052-571968_prune_graph/ours-arith-cos_relu-node/result.json",
  "supernode_map_path": "/workspace/eval_outputs/clustering/runs/gemmascope-transcoder-16k-p02-fact-the-largest-planet-20260424-172052-571968_prune_graph/ours-arith-cos_relu-node/supernode_map.json",
  "auto_k_sweep_path": "/workspace/eval_outputs/clustering/runs/gemmascope-transcoder-16k-p02-fact-the-largest-planet-20260424-172052-571968_prune_graph/ours-arith-cos_relu-node/auto_k_sweep.json",
  "flow_report_path": "/workspace/eval_outputs/clustering/runs/gemmascope-transcoder-16k-p02-fact-the-largest-planet-20260424-172052-571968_prune_graph/ours-arith-cos_relu-node/flow_report.json",
  "final_supernodes": {
    "SN_0": [
      "14_5691_5",
      "14_69_14",
      "15_7288_5",
      "16_821_14",
      "16_2033_14",
      "16_13145_14",
      "16_15896_14",
      "17_4665_5",
      "17_14757_5",
      "17_14757_9",
      "17_14757_13",
      "17_14757_14",
      "18_468_14",
      "18_1338_14",
      "18_2349_14",
      "18_2540_14",
      "18_3268_14",
      "18_7704_14",
      "18_14687_14",
      "19_5714_5",
      "19_2550_14",
      "19_5714_14",
      "19_8745_14",
      "19_13419_14",
      "19_14317_14"
    ],
    "SN_1": [
      "19_1014_14",
      "20_367_14",
      "20_1204_14",
      "20_1723_14",
      "20_7086_14",
      "21_13018_5",
      "21_2507_14",
      "21_8664_14",
      "21_9094_14",
      "21_11955_14",
      "21_13018_14",
      "21_13426_14",
      "22_1691_14",
      "22_8641_14",
      "22_11135_14",
      "22_12212_14",
      "22_12229_14",
      "22_13978_14",
      "22_14620_14",
      "23_595_14",
      "23_4863_14",
      "23_13289_14",
      "23_14835_14",
      "23_16232_14",
      "24_6767_14",
      "24_8375_14",
      "25_9326_14"
    ],
    "SN_2": [
      "19_8598_14",
      "20_16380_14",
      "23_3596_14",
      "23_5820_14",
      "23_7517_14",
      "23_7979_14",
      "24_6877_14",
      "24_7172_14",
      "24_8767_14",
      "24_15065_14",
      "25_2843_14",
      "25_8890_14",
      "25_11969_14"
    ],
    "SN_3": [
      "19_9215_14",
      "20_7549_14"
    ],
    "SN_EMB_0": [
      "E_10155_4"
    ],
    "SN_EMB_1": [
      "E_14908_5"
    ],
    "SN_EMB_2": [
      "E_12677_8"
    ],
    "SN_EMB_3": [
      "E_1812_9"
    ],
    "SN_EMB_4": [
      "E_10379_11"
    ],
    "SN_EMB_5": [
      "E_7023_13"
    ],
    "SN_EMB_6": [
      "E_603_14"
    ],
    "SN_LOGIT_0": [
      "27_48453_14"
    ]
  },
  "score_details": {
    "SN_0": {
      "intra_sim": 0.37821258855983614,
      "n": 25
    },
    "SN_1": {
      "intra_sim": 0.4269227552432647,
      "n": 27
    },
    "SN_2": {
      "intra_sim": 0.4665443406631358,
      "n": 13
    },
    "SN_3": {
      "intra_sim": 0.6136538982391357,
      "n": 2
    }
  },
  "flow_report": {
    "path_decomposition": {
      "paths": [
        {
          "path": [
            "SN_EMB_1",
            "SN_LOGIT_0"
          ],
          "flow": 14.308553695678711,
          "frac": 0.26006124502920447,
          "length": 2
        },
        {
          "path": [
            "SN_EMB_1",
            "SN_0",
            "SN_LOGIT_0"
          ],
          "flow": 10.189896058572705,
          "frac": 0.18520369787695035,
          "length": 3
        },
        {
          "path": [
            "SN_EMB_1",
            "SN_1",
            "SN_LOGIT_0"
          ],
          "flow": 4.090207434213096,
          "frac": 0.07434045818973391,
          "length": 3
        },
        {
          "path": [
            "SN_EMB_0",
            "SN_1",
            "SN_LOGIT_0"
          ],
          "flow": 3.782919028522169,
          "frac": 0.06875542094091984,
          "length": 3
        },
        {
          "path": [
            "SN_EMB_4",
            "SN_0",
            "SN_LOGIT_0"
          ],
          "flow": 3.7346651860297913,
          "frac": 0.06787839628679279,
          "length": 3
        },
        {
          "path": [
            "SN_EMB_3",
            "SN_0",
            "SN_LOGIT_0"
          ],
          "flow": 3.2883219728086828,
          "frac": 0.0597660060194471,
          "length": 3
        },
        {
          "path": [
            "SN_EMB_2",
            "SN_0",
            "SN_LOGIT_0"
          ],
          "flow": 2.616085583299553,
          "frac": 0.04754795546535936,
          "length": 3
        },
        {
          "path": [
            "SN_EMB_0",
            "SN_0",
            "SN_LOGIT_0"
          ],
          "flow": 2.3943201027329084,
          "frac": 0.04351731699502402,
          "length": 3
        },
        {
          "path": [
            "SN_EMB_4",
            "SN_1",
            "SN_LOGIT_0"
          ],
          "flow": 2.124967428966067,
          "frac": 0.038621770374340406,
          "length": 3
        },
        {
          "path": [
            "SN_EMB_2",
            "SN_1",
            "SN_LOGIT_0"
          ],
          "flow": 2.07614002951156,
          "frac": 0.03773432119088364,
          "length": 3
        }
      ],
      "total_flow": 55.019938453619346,
      "n_paths": 20,
      "concentration": {
        "1": 0.26006124502920447,
        "2": 0.4452649429061548,
        "3": 0.5196054010958887,
        "4": 0.5883608220368086,
        "5": 0.6562392183236014,
        "6": 0.7160052243430485,
        "7": 0.7635531798084078,
        "8": 0.8070704968034318,
        "9": 0.8456922671777721,
        "10": 0.8834265883686557,
        "11": 0.9133427216623454,
        "12": 0.9410875510021094,
        "13": 0.9616224596356213,
        "14": 0.9775184311700652,
        "15": 0.9833444112533325,
        "16": 0.9884741075893297,
        "17": 0.9925551327268545
      },
      "D_phi": 0.11657341163134427,
      "top_k": 10,
      "top_k_frac": 0.8834265883686557
    },
    "local_residuals": {
      "per_sn": {
        "SN_0": {
          "in_flow_pos": 29.872759222984314,
          "in_flow_neg": 0.0,
          "in_flow_net": 29.872759222984314,
          "out_flow_pos": 2.430651605129242,
          "out_flow_neg": 0.0,
          "inf_exit": 6.167410850524902,
          "total_out": 8.598062455654144,
          "residual_abs": 21.27469676733017,
          "residual_rel": 0.7121771580765314,
          "balance": 21.27469676733017,
          "is_suppressive": false,
          "suppression_rel": null
        },
        "SN_1": {
          "in_flow_pos": 17.589419543743134,