{
  "3": {
    "total": 0.5504504504504505,
    "total_base": 0.5504504504504505,
    "intra_sim": 0.6666666666666667,
    "dag_safety": 0.6666666666666667,
    "flow_balance": 0.0,
    "attr_balance": 0.0,
    "size_score": 0.9189189189189189,
    "n_middle": 3,
    "n_warnings": 1,
    "inf_conservation": 0.9999999198119599,
    "edge_conservation": 0.09800664451827226,
    "details": {
      "SN_0": {
        "intra_sim": 0.21530680375139732,
        "n": 25
      },
      "SN_1": {
        "intra_sim": 0.7418947021166483,
        "n": 3
      },
      "SN_2": {
        "intra_sim": 0.5040129801749976,
        "n": 9
      }
    }
  },
  "4": {
    "total": 0.5850225225225225,
    "total_base": 0.5850225225225225,
    "intra_sim": 0.625,
    "dag_safety": 0.8333333333333334,
    "flow_balance": 0.0,
    "attr_balance": 0.0,
    "size_score": 0.9459459459459459,
    "n_middle": 4,
    "n_warnings": 1,
    "inf_conservation": 0.9999999198119599,
    "edge_conservation": 0.13289036544850477,
    "details": {
      "SN_0": {
        "intra_sim": 0.27681173632777895,
        "n": 21
      },
      "SN_1": {
        "intra_sim": 0.7418947021166483,
        "n": 3
      },
      "SN_2": {
        "intra_sim": 0.28760852043827373,
        "n": 4
      },
      "SN_3": {
        "intra_sim": 0.5040129801749976,
        "n": 9
      }
    }
  },
  "5": {
    "total": 0.6295945945945947,
    "total_base": 0.6295945945945947,
    "intra_sim": 0.7,
    "dag_safety": 0.9,
    "flow_balance": 0.0,
    "attr_balance": 0.0,
    "size_score": 0.972972972972973,
    "n_middle": 5,
    "n_warnings": 1,
    "inf_conservation": 0.9999999716506578,
    "edge_conservation": 0.14784053156146154,
    "details": {
      "SN_0": {
        "intra_sim": 0.5424886345863342,
        "n": 2
      },
      "SN_1": {
        "intra_sim": 0.3301256364264201,
        "n": 19
      },
      "SN_2": {
        "intra_sim": 0.7418947021166483,
        "n": 3
      },
      "SN_3": {
        "intra_sim": 0.28760852043827373,
        "n": 4
      },
      "SN_4": {
        "intra_sim": 0.5040129801749976,
        "n": 9
      }
    }
  },
  "6": {
    "total": 0.6806039640832537,
    "total_base": 0.6806039640832537,
    "intra_sim": 0.6666666666666667,
    "dag_safety": 0.8666666666666667,
    "flow_balance": 0.25574918966634835,
    "attr_balance": 0.25574918966634835,
    "size_score": 1.0,
    "n_middle": 6,
    "n_warnings": 2,
    "inf_conservation": 0.9999999473512682,
    "edge_conservation": 0.18106312292358773,
    "details": {
      "SN_0": {
        "intra_sim": 0.5424886345863342,
        "n": 2
      },
      "SN_1": {
        "intra_sim": 0.40670789626116555,
        "n": 16
      },
      "SN_2": {
        "intra_sim": 0.7418947021166483,
        "n": 3
      },
      "SN_3": {
        "intra_sim": 0.28760852043827373,
        "n": 4
      },
      "SN_4": {
        "intra_sim": 0.3820925226202235,
        "n": 5
      },
      "SN_5": {
        "intra_sim": 0.6849504953826822,
        "n": 7
      }
    }
  },
  "7": {
    "total": 0.7316838554926343,
    "total_base": 0.7316838554926343,
    "intra_sim": 0.7142857142857143,
    "dag_safety": 0.9047619047619048,
    "flow_balance": 0.38645228168739687,
    "attr_balance": 0.38645228168739687,
    "size_score": 0.972972972972973,
    "n_middle": 7,
    "n_warnings": 2,
    "inf_conservation": 0.9999999716506578,
    "edge_conservation": 0.20764119601328868,
    "details": {
      "SN_0": {
        "intra_sim": 0.5424886345863342,
        "n": 2
      },
      "SN_1": {
        "intra_sim": 0.9744834502538046,
        "n": 3
      },
      "SN_2": {
        "intra_sim": 0.7418947021166483,
        "n": 3
      },
      "SN_3": {
        "intra_sim": 0.4422971770663502,
        "n": 15
      },
      "SN_4": {
        "intra_sim": 0.28760852043827373,
        "n": 4
      },
      "SN_5": {
        "intra_sim": 0.6268603398154179,
        "n": 4
      },
      "SN_6": {
        "intra_sim": 0.736848115393271,
        "n": 6
      }
    }
  }
}