{
  "2": {
    "total": 0.8114365737019503,
    "total_base": 0.8114365737019503,
    "intra_sim": 0.5083495034106078,
    "dag_safety": 1.0,
    "flow_balance": 0.9298445377738952,
    "attr_balance": 0.9298445377738952,
    "size_score": 0.8823529411764706,
    "n_middle": 2,
    "n_warnings": 0,
    "inf_conservation": 0.9999999999999446,
    "edge_conservation": 0.09090909090908988,
    "details": {
      "SN_0": {
        "intra_sim": 0.5416804026014038,
        "n": 15
      },
      "SN_1": {
        "intra_sim": 0.9901774525642395,
        "n": 2
      }
    }
  },
  "3": {
    "total": 0.6973102625457777,
    "total_base": 0.6973102625457777,
    "intra_sim": 0.5503264088773471,
    "dag_safety": 0.6666666666666667,
    "flow_balance": 0.7092415163930391,
    "attr_balance": 0.7092415163930391,
    "size_score": 0.9411764705882353,
    "n_middle": 3,
    "n_warnings": 1,
    "inf_conservation": 0.9999999999999446,
    "edge_conservation": 0.13636363636363483,
    "details": {
      "SN_0": {
        "intra_sim": 0.7726704919976848,
        "n": 8
      },
      "SN_1": {
        "intra_sim": 0.5922587182638901,
        "n": 7
      },
      "SN_2": {
        "intra_sim": 0.9901774525642395,
        "n": 2
      }
    }
  },
  "4": {
    "total": 0.8279952486317959,
    "total_base": 0.8279952486317959,
    "intra_sim": 0.6918236110002323,
    "dag_safety": 0.8333333333333334,
    "flow_balance": 0.8484593279935714,
    "attr_balance": 0.8484593279935714,
    "size_score": 1.0,
    "n_middle": 4,
    "n_warnings": 1,
    "inf_conservation": 0.9999999999999446,
    "edge_conservation": 0.193181818181816,
    "details": {
      "SN_0": {
        "intra_sim": 0.9887703657150269,
        "n": 2
      },
      "SN_1": {
        "intra_sim": 0.9064869742308345,
        "n": 8
      },
      "SN_2": {
        "intra_sim": 0.9901774525642395,
        "n": 2
      },
      "SN_3": {
        "intra_sim": 0.5086161185987293,
        "n": 5
      }
    }
  },
  "5": {
    "total": 0.7766573246416806,
    "total_base": 0.7766573246416806,
    "intra_sim": 0.7443923265184813,
    "dag_safety": 0.9,
    "flow_balance": 0.5604173302739563,
    "attr_balance": 0.5604173302739563,
    "size_score": 0.9411764705882353,
    "n_middle": 5,
    "n_warnings": 1,
    "inf_conservation": 0.9999999999999446,
    "edge_conservation": 0.27272727272726965,
    "details": {
      "SN_0": {
        "intra_sim": 1.0,
        "n": 1
      },
      "SN_1": {
        "intra_sim": 0.8758541836092869,
        "n": 9
      },
      "SN_2": {
        "intra_sim": 0.9901774525642395,
        "n": 2
      },
      "SN_3": {
        "intra_sim": 0.3381658137465517,
        "n": 3
      },
      "SN_4": {
        "intra_sim": 0.997742772102356,
        "n": 2
      }
    }
  }
}