{
  "2": {
    "total": 0.7085933254981853,
    "total_base": 0.7085933254981853,
    "intra_sim": 0.43537881483191015,
    "dag_safety": 1.0,
    "flow_balance": 0.5804901527658778,
    "attr_balance": 0.5804901527658778,
    "size_score": 0.9142857142857143,
    "n_middle": 2,
    "n_warnings": 0,
    "inf_conservation": 1.000000061815992,
    "edge_conservation": 0.021052631578947358,
    "details": {
      "SN_0": {
        "intra_sim": 0.34162779628401807,
        "n": 20
      },
      "SN_1": {
        "intra_sim": 0.13237506618333786,
        "n": 50
      }
    }
  },
  "3": {
    "total": 0.7505015598854892,
    "total_base": 0.7505015598854892,
    "intra_sim": 0.5,
    "dag_safety": 1.0,
    "flow_balance": 0.6591490966848135,
    "attr_balance": 0.6591490966848135,
    "size_score": 0.9285714285714286,
    "n_middle": 3,
    "n_warnings": 0,
    "inf_conservation": 1.0000000520233532,
    "edge_conservation": 0.030470914127423806,
    "details": {
      "SN_0": {
        "intra_sim": 0.2504845616913958,
        "n": 32
      },
      "SN_1": {
        "intra_sim": 0.38463563925824035,
        "n": 18
      },
      "SN_2": {
        "intra_sim": 0.139556659968864,
        "n": 20
      }
    }
  },
  "4": {
    "total": 0.7837304204769984,
    "total_base": 0.7837304204769984,
    "intra_sim": 0.5,
    "dag_safety": 0.8333333333333334,
    "flow_balance": 0.9473026342889456,
    "attr_balance": 0.9473026342889456,
    "size_score": 0.9428571428571428,
    "n_middle": 4,
    "n_warnings": 1,
    "inf_conservation": 1.0000000667123117,
    "edge_conservation": 0.0415512465373961,
    "details": {
      "SN_0": {
        "intra_sim": 0.41247840986961465,
        "n": 18
      },
      "SN_1": {
        "intra_sim": 0.18320097487955156,
        "n": 27
      },
      "SN_2": {
        "intra_sim": 0.333348903942265,
        "n": 20
      },
      "SN_3": {
        "intra_sim": 0.32934095002710817,
        "n": 5
      }
    }
  },
  "5": {
    "total": 0.7102946655840869,
    "total_base": 0.7102946655840869,
    "intra_sim": 0.6,
    "dag_safety": 0.9,
    "flow_balance": 0.4554643766220618,
    "attr_balance": 0.4554643766220618,
    "size_score": 0.9571428571428572,
    "n_middle": 5,
    "n_warnings": 1,
    "inf_conservation": 1.0000000422307143,
    "edge_conservation": 0.05207756232686978,
    "details": {
      "SN_0": {
        "intra_sim": 0.439959251709782,
        "n": 16
      },
      "SN_1": {
        "intra_sim": 0.24423857716776962,
        "n": 8
      },
      "SN_2": {
        "intra_sim": 0.21607716336635954,
        "n": 36
      },
      "SN_3": {
        "intra_sim": 0.7677850723266602,
        "n": 2
      },
      "SN_4": {
        "intra_sim": 0.29785308146217304,
        "n": 8
      }
    }
  },
  "6": {
    "total": 0.802505917488411,
    "total_base": 0.802505917488411,
    "intra_sim": 0.5833333333333333,
    "dag_safety": 0.8666666666666667,
    "flow_balance": 0.8662141461441207,
    "attr_balance": 0.8662141461441207,
    "size_score": 0.9714285714285714,
    "n_middle": 6,
    "n_warnings": 2,
    "inf_conservation": 1.0000001205718256,
    "edge_conservation": 0.06537396121883653,
    "details": {
      "SN_0": {
        "intra_sim": 0.4059825724526651,
        "n": 17
      },
      "SN_1": {
        "intra_sim": 0.28888775363919283,
        "n": 7
      },
      "SN_2": {
        "intra_sim": 0.2746582816773471,
        "n": 21
      },
      "SN_3": {
        "intra_sim": 0.48370031381048084,
        "n": 15
      },
      "SN_4": {
        "intra_sim": 0.7677850723266602,
        "n": 2
      },
      "SN_5": {
        "intra_sim": 0.3398721019704161,
        "n": 8
      }
    }
  }
}