{
  "graph_name": "clt-hp-p04-fact-the-capital-of-20260424-171023-706697_prune_graph",
  "dataset": "clt-hp",
  "graph_path": "/workspace/demos/subgraph/clt-hp/clt-hp-p04-fact-the-capital-of-20260424-171023-706697_prune_graph.pt",
  "method": "ours-arith-cos_relu-edge",
  "method_family": "ours",
  "mean_method": "arith",
  "normalization": "cos_relu",
  "similarity_mode": "edge",
  "best_k": 4,
  "auto_k_candidates": 3,
  "n_supernodes": 17,
  "total": 0.9677511407637425,
  "total_base": 0.9677511407637425,
  "intra_sim": 0.9926167484137518,
  "dag_safety": 1.0,
  "attr_balance": 0.8798644649584672,
  "size_score": 1.0,
  "n_middle": 4,
  "n_warnings": 0,
  "inf_conservation": 0.9999999999999393,
  "edge_conservation": 0.3529411764705859,
  "within_cluster_weighted_edge_cosine_mean": 0.6287315242813678,
  "F_phi": 0.6387173398773915,
  "path_score": 0.8820898603198464,
  "residual_score": 0.0,
  "shortcut_score": 0.95293798583151,
  "D_phi": 0.11791013968015363,
  "R_phi": 4.802010987204154,
  "R_phi_balance": 4.802010987204154,
  "R_phi_suppressive": 0.0,
  "R_phi_max": 13.406943062920526,
  "shortcut_frac": 0.04706201416848997,
  "sigma_phi": 0.04706201416848997,
  "top_k_frac": 0.8820898603198464,
  "n_paths": 50,
  "n_shortcuts": 6,
  "n_direct": 29,
  "n_suppressive": 0,
  "n_balanced": 4,
  "result_path": "/workspace/eval_outputs/clustering/runs/clt-hp-p04-fact-the-capital-of-20260424-171023-706697_prune_graph/ours-arith-cos_relu-edge/result.json",
  "supernode_map_path": "/workspace/eval_outputs/clustering/runs/clt-hp-p04-fact-the-capital-of-20260424-171023-706697_prune_graph/ours-arith-cos_relu-edge/supernode_map.json",
  "auto_k_sweep_path": "/workspace/eval_outputs/clustering/runs/clt-hp-p04-fact-the-capital-of-20260424-171023-706697_prune_graph/ours-arith-cos_relu-edge/auto_k_sweep.json",
  "flow_report_path": "/workspace/eval_outputs/clustering/runs/clt-hp-p04-fact-the-capital-of-20260424-171023-706697_prune_graph/ours-arith-cos_relu-edge/flow_report.json",
  "final_supernodes": {
    "SN_0": [
      "14_66317_15",
      "15_74824_15",
      "17_98126_15"
    ],
    "SN_1": [
      "17_3940_15",
      "18_45289_15",
      "18_71941_15",
      "21_30290_15"
    ],
    "SN_2": [
      "18_3623_15",
      "18_11757_15",
      "21_257_15",
      "21_77429_15",
      "21_84338_15"
    ],
    "SN_3": [
      "22_24085_15",
      "22_27996_15",
      "22_51785_15",
      "22_95236_15"
    ],
    "SN_EMB_0": [
      "E_2_0"
    ],
    "SN_EMB_1": [
      "E_714_3"
    ],
    "SN_EMB_2": [
      "E_6037_4"
    ],
    "SN_EMB_3": [
      "E_576_5"
    ],
    "SN_EMB_4": [
      "E_573_6"
    ],
    "SN_EMB_5": [
      "E_3170_7"
    ],
    "SN_EMB_6": [
      "E_1570_8"
    ],
    "SN_EMB_7": [
      "E_8641_10"
    ],
    "SN_EMB_8": [
      "E_111977_11"
    ],
    "SN_EMB_9": [
      "E_603_12"
    ],
    "SN_EMB_10": [
      "E_7023_14"
    ],
    "SN_EMB_11": [
      "E_603_15"
    ],
    "SN_LOGIT_0": [
      "27_4155_15"
    ]
  },
  "score_details": {
    "SN_0": {
      "intra_sim": 0.577559620141983,
      "n": 3
    },
    "SN_1": {
      "intra_sim": 0.8639414012432098,
      "n": 4
    },
    "SN_2": {
      "intra_sim": 0.5971764296293258,
      "n": 5
    },
    "SN_3": {
      "intra_sim": 0.9531104564666748,
      "n": 4
    }
  },
  "flow_report": {
    "path_decomposition": {
      "paths": [
        {
          "path": [
            "SN_EMB_11",
            "SN_LOGIT_0"
          ],
          "flow": 11.9375,
          "frac": 0.32372708927586935,
          "length": 2
        },
        {
          "path": [
            "SN_EMB_7",
            "SN_LOGIT_0"
          ],
          "flow": 6.125,
          "frac": 0.16610081020437276,
          "length": 2
        },
        {
          "path": [
            "SN_EMB_7",
            "SN_1",
            "SN_LOGIT_0"
          ],
          "flow": 3.9676190097933235,
          "frac": 0.10759587463003138,
          "length": 3
        },
        {
          "path": [
            "SN_EMB_1",
            "SN_LOGIT_0"
          ],
          "flow": 2.640625,
          "frac": 0.07160978807280356,
          "length": 2
        },
        {
          "path": [
            "SN_EMB_3",
            "SN_LOGIT_0"
          ],
          "flow": 2.59375,
          "frac": 0.07033860840287214,
          "length": 2
        },
        {
          "path": [
            "SN_EMB_6",
            "SN_LOGIT_0"
          ],
          "flow": 2.109375,
          "frac": 0.057203085146914086,
          "length": 2
        },
        {
          "path": [
            "SN_EMB_4",
            "SN_LOGIT_0"
          ],
          "flow": 0.99609375,
          "frac": 0.027012567986042763,
          "length": 2
        },
        {
          "path": [
            "SN_EMB_8",
            "SN_1",
            "SN_LOGIT_0"
          ],
          "flow": 0.869166258444366,
          "frac": 0.023570484853863254,
          "length": 3
        },
        {
          "path": [
            "SN_EMB_7",
            "SN_3",
            "SN_LOGIT_0"
          ],
          "flow": 0.6710937738418579,
          "frac": 0.01819905625440697,
          "length": 3
        },
        {
          "path": [
            "SN_EMB_2",
            "SN_0",
            "SN_LOGIT_0"
          ],
          "flow": 0.6170140577069043,
          "frac": 0.01673249549267011,
          "length": 3
        }
      ],
      "total_flow": 36.87519640911774,
      "n_paths": 50,
      "concentration": {
        "1": 0.32372708927586935,
        "2": 0.4898278994802421,
        "3": 0.5974237741102735,
        "4": 0.6690335621830771,
        "5": 0.7393721705859492,
        "6": 0.7965752557328633,
        "7": 0.823587823718906,
        "8": 0.8471583085727693,
        "9": 0.8653573648271763,
        "10": 0.8820898603198464,
        "11": 0.8982110648351979,
        "12": 0.9083275363750687,
        "13": 0.9165369761079506,
        "14": 0.9247324841043605,
        "15": 0.9326349863485298,
        "16": 0.9401847389375505,
        "17": 0.9472248376759432,
        "18": 0.9534615629315443,
        "19": 0.958986442761381,
        "20": 0.9644895915774312,
        "21": 0.9695802138653583,
        "22": 0.9742496736653363,
        "23": 0.9781585511503754,
        "24": 0.9816225157509386,
        "25": 0.9842047227755593,
        "26": 0.9866925936112707,
        "27": 0.9885631447410498,
        "28": 0.9903653587223894
      },
      "D_phi": 0.11791013968015363,
      "top_k": 10,
      "top_k_frac": 0.8820898603198464
    },
    "local_residuals": {
      "per_sn": {
        "SN_0": {
          "in_flow_pos": 1.6061197724193335,
          "in_flow_neg": -1.181640625,
          "in_flow_net": 0.42447914741933346,
          "out_flow_pos": 0.763867199420929,
          "out_flow_neg": -0.008463541977107525,
          "inf_exit": 1.025390625,
          "total_out": 1.7807942824438214,
          "residual_abs": 1.356315135024488,
          "residual_rel": 3.1952456163445397,
          "balance": -1.356315135024488,
          "is_suppressive": false,
          "suppression_rel": null
        },
        "SN_1": {
          "in_flow_pos": 4.77783203125,
          "in_flow_neg": -1.7420247197151184,
          "in_flow_net": 3.0358073115348816,
          "out_flow_pos": 0.4731910368427634,
          "out_flow_neg": 0.0,
          "inf_exit": 1.484375,
          "total_out": 1.9575660368427634,
          "residual_abs": 1.0782412746921182,
          "residual_rel": 0.3551744771793873,
          "balance": 1.0782412746921182,
          "is_suppressive": false,
          "suppression_rel": null
        },
        "SN_2": {
          "in_flow_pos": 1.6567301377654076,
          "in_flow_neg": -1.2061564177274704,
          "in_flow_net": 0.45057372003793716,
          "out_flow_pos": 1.6788899302482605,
          "out_flow_neg": 0.0,
          "inf_exit": 4.8125,
          "total_out": 6.4913899302482605,
          "residual_abs": 6.040816210210323,