{
  "12": {
    "total": 0.7189839588812929,
    "total_base": 0.7189839588812929,
    "intra_sim": 0.75,
    "dag_safety": 0.9848484848484849,
    "flow_balance": 0.2388485447065373,
    "attr_balance": 0.2388485447065373,
    "size_score": 0.9402985074626866,
    "n_middle": 12,
    "n_warnings": 1,
    "inf_conservation": 0.9999999340012167,
    "edge_conservation": 0.10859301227573173,
    "details": {
      "SN_0": {
        "intra_sim": 0.32773178598533076,
        "n": 4
      },
      "SN_1": {
        "intra_sim": 0.16429242491722107,
        "n": 2
      },
      "SN_2": {
        "intra_sim": 0.0,
        "n": 2
      },
      "SN_3": {
        "intra_sim": 0.26860933513952623,
        "n": 38
      },
      "SN_4": {
        "intra_sim": 0.6472042798995972,
        "n": 2
      },
      "SN_5": {
        "intra_sim": 1.0,
        "n": 1
      },
      "SN_6": {
        "intra_sim": 0.5095280408859253,
        "n": 2
      },
      "SN_7": {
        "intra_sim": 1.0,
        "n": 1
      },
      "SN_8": {
        "intra_sim": 0.03352077305316925,
        "n": 2
      },
      "SN_9": {
        "intra_sim": 0.6747254133224487,
        "n": 2
      },
      "SN_10": {
        "intra_sim": 0.6156159924446709,
        "n": 9
      },
      "SN_11": {
        "intra_sim": 0.43517807126045227,
        "n": 2
      }
    }
  },
  "13": {
    "total": 0.7108124012216895,
    "total_base": 0.7108124012216895,
    "intra_sim": 0.7307692307692308,
    "dag_safety": 0.9871794871794872,
    "flow_balance": 0.23884853332150724,
    "attr_balance": 0.23884853332150724,
    "size_score": 0.9253731343283582,
    "n_middle": 13,
    "n_warnings": 1,
    "inf_conservation": 0.9999999859346284,
    "edge_conservation": 0.12275731822474022,
    "details": {
      "SN_0": {
        "intra_sim": 0.32773178598533076,
        "n": 4
      },
      "SN_1": {
        "intra_sim": 0.16429242491722107,
        "n": 2
      },
      "SN_2": {
        "intra_sim": 0.0,
        "n": 2
      },
      "SN_3": {
        "intra_sim": 0.28254446390181126,
        "n": 37
      },
      "SN_4": {
        "intra_sim": 0.6472042798995972,
        "n": 2
      },
      "SN_5": {
        "intra_sim": 1.0,
        "n": 1
      },
      "SN_6": {
        "intra_sim": 0.5095280408859253,
        "n": 2
      },
      "SN_7": {
        "intra_sim": 1.0,
        "n": 1
      },
      "SN_8": {
        "intra_sim": 0.0,
        "n": 2
      },
      "SN_9": {
        "intra_sim": 0.03352077305316925,
        "n": 2
      },
      "SN_10": {
        "intra_sim": 0.6747254133224487,
        "n": 2
      },
      "SN_11": {
        "intra_sim": 0.7882375392530646,
        "n": 8
      },
      "SN_12": {
        "intra_sim": 0.43517807126045227,
        "n": 2
      }
    }
  },
  "14": {
    "total": 0.727515974129726,
    "total_base": 0.727515974129726,
    "intra_sim": 0.7857142857142857,
    "dag_safety": 1.0,
    "flow_balance": 0.2388485447065373,
    "attr_balance": 0.2388485447065373,
    "size_score": 0.9104477611940298,
    "n_middle": 14,
    "n_warnings": 0,
    "inf_conservation": 0.9999999080345109,
    "edge_conservation": 0.12842304060434362,
    "details": {
      "SN_0": {
        "intra_sim": 0.32921098979810876,
        "n": 3
      },
      "SN_1": {
        "intra_sim": 0.16429242491722107,
        "n": 2
      },
      "SN_2": {
        "intra_sim": 1.0,
        "n": 1
      },
      "SN_3": {
        "intra_sim": 0.2880369601700169,
        "n": 37
      },
      "SN_4": {
        "intra_sim": 0.6472042798995972,
        "n": 2
      },
      "SN_5": {
        "intra_sim": 0.039563894271850586,
        "n": 2
      },
      "SN_6": {
        "intra_sim": 1.0,
        "n": 1
      },
      "SN_7": {
        "intra_sim": 0.5095280408859253,
        "n": 2
      },
      "SN_8": {
        "intra_sim": 1.0,
        "n": 1
      },
      "SN_9": {
        "intra_sim": 0.18210555287078023,
        "n": 4
      },
      "SN_10": {
        "intra_sim": 0.03352077305316925,
        "n": 2
      },
      "SN_11": {
        "intra_sim": 0.6747254133224487,
        "n": 2
      },
      "SN_12": {
        "intra_sim": 0.920601503054301,
        "n": 6
      },
      "SN_13": {
        "intra_sim": 0.43517807126045227,
        "n": 2
      }
    }
  },
  "15": {
    "total": 0.737310521604605,
    "total_base": 0.737310521604605,
    "intra_sim": 0.8333333333333334,
    "dag_safety": 1.0,
    "flow_balance": 0.23282417597065844,
    "attr_balance": 0.23282417597065844,
    "size_score": 0.8955223880597015,
    "n_middle": 15,
    "n_warnings": 0,
    "inf_conservation": 0.9999999318373246,
    "edge_conservation": 0.1369216241737487,
    "details": {
      "SN_0": {
        "intra_sim": 0.32921098979810876,
        "n": 3
      },
      "SN_1": {
        "intra_sim": 0.16429242491722107,
        "n": 2
      },
      "SN_2": {
        "intra_sim": 1.0,
        "n": 1
      },
      "SN_3": {
        "intra_sim": 0.2674969965399548,
        "n": 39
      },
      "SN_4": {
        "intra_sim": 0.6472042798995972,
        "n": 2
      },
      "SN_5": {
        "intra_sim": 0.039563894271850586,
        "n": 2
      },
      "SN_6": {
        "intra_sim": 1.0,
        "n": 1
      },
      "SN_7": {
        "intra_sim": 0.5095280408859253,
        "n": 2
      },
      "SN_8": {
        "intra_sim": 1.0,
        "n": 1
      },
      "SN_9": {
        "intra_sim": 1.0,
        "n": 1
      },
      "SN_10": {
        "intra_sim": 0.03352077305316925,
        "n": 2
      },
      "SN_11": {
        "intra_sim": 0.920601503054301,
        "n": 6
      },
      "SN_12": {
        "intra_sim": 0.8478959798812866,
        "n": 2
      },
      "SN_13": {
        "intra_sim": 1.0,
        "n": 1
      },
      "SN_14": {
        "intra_sim": 0.43517807126045227,
        "n": 2
      }
    }
  },
  "16": {
    "total": 0.738956539161709,
    "total_base": 0.738956539161709,
    "intra_sim": 0.84375,
    "dag_safety": 1.0,
    "flow_balance": 0.2388485447065373,
    "attr_balance": 0.2388485447065373,
    "size_score": 0.8805970149253731,
    "n_middle": 16,
    "n_warnings": 0,
    "inf_conservation": 0.9999999166900795,
    "edge_conservation": 0.14164305949008488,
    "details": {
      "SN_0": {
        "intra_sim": 0.32921098979810876,
        "n": 3
      },
      "SN_1": {
        "intra_sim": 0.16429242491722107,
        "n": 2
      },
      "SN_2": {
        "intra_sim": 1.0,
        "n": 1
      },
      "SN_3": {
        "intra_sim": 0.2880369601700169,
        "n": 37
      },
      "SN_4": {
        "intra_sim": 0.6472042798995972,
        "n": 2
      },
      "SN_5": {
        "intra_sim": 1.0,
        "n": 1
      },
      "SN_6": {
        "intra_sim": 1.0,
        "n": 1
      },
      "SN_7": {
        "intra_sim": 1.0,
        "n": 1
      },
      "SN_8": {
        "intra_sim": 0.5095280408859253,
        "n": 2
      },
      "SN_9": {
        "intra_sim": 1.0,
        "n": 1
      },
      "SN_10": {
        "intra_sim": 1.0,
        "n": 1
      },
      "SN_11": {
        "intra_sim": 0.03352077305316925,
        "n": 2
      },
      "SN_12": {
        "intra_sim": 0.6747254133224487,
        "n": 2
      },
      "SN_13": {
        "intra_sim": 0.7882375392530646,
        "n": 8
      },
      "SN_14": {
        "intra_sim": 1.0,
        "n": 1
      },
      "SN_15": {
        "intra_sim": 0.43517807126045227,
        "n": 2
      }
    }
  }
}