{
  "2": {
    "total": 0.8167832556116162,
    "total_base": 0.8167832556116162,
    "intra_sim": 0.448057756724311,
    "dag_safety": 1.0,
    "flow_balance": 0.9980351429487205,
    "attr_balance": 0.9980351429487205,
    "size_score": 0.9142857142857143,
    "n_middle": 2,
    "n_warnings": 0,
    "inf_conservation": 1.0000000862975895,
    "edge_conservation": 0.020498614958448742,
    "details": {
      "SN_0": {
        "intra_sim": 0.1430273295626459,
        "n": 42
      },
      "SN_1": {
        "intra_sim": 0.3834800640034561,
        "n": 28
      }
    }
  },
  "3": {
    "total": 0.6990424938161611,
    "total_base": 0.6990424938161611,
    "intra_sim": 0.5,
    "dag_safety": 0.6666666666666667,
    "flow_balance": 0.7866461657408351,
    "attr_balance": 0.7866461657408351,
    "size_score": 0.9285714285714286,
    "n_middle": 3,
    "n_warnings": 1,
    "inf_conservation": 1.0000001328126242,
    "edge_conservation": 0.029916897506925194,
    "details": {
      "SN_0": {
        "intra_sim": 0.2402743218237391,
        "n": 26
      },
      "SN_1": {
        "intra_sim": 0.16039261700307877,
        "n": 13
      },
      "SN_2": {
        "intra_sim": 0.34466124556101835,
        "n": 31
      }
    }
  },
  "4": {
    "total": 0.8378990060649252,
    "total_base": 0.8378990060649252,
    "intra_sim": 0.5,
    "dag_safety": 1.0,
    "flow_balance": 0.9973103099739861,
    "attr_balance": 0.9973103099739861,
    "size_score": 0.9428571428571428,
    "n_middle": 4,
    "n_warnings": 0,
    "inf_conservation": 1.0000000789531103,
    "edge_conservation": 0.038227146814404415,
    "details": {
      "SN_0": {
        "intra_sim": 0.43428547605872153,
        "n": 5
      },
      "SN_1": {
        "intra_sim": 0.2567420943296565,
        "n": 27
      },
      "SN_2": {
        "intra_sim": 0.14746546481425563,
        "n": 9
      },
      "SN_3": {
        "intra_sim": 0.36986832686495197,
        "n": 29
      }
    }
  }
}