{
  "2": {
    "total": 0.6760600900250608,
    "total_base": 0.6760600900250608,
    "intra_sim": 0.7535336334168695,
    "dag_safety": 1.0,
    "flow_balance": 0.0,
    "attr_balance": 0.0,
    "size_score": 1.0,
    "n_middle": 2,
    "n_warnings": 0,
    "inf_conservation": 0.9999999999999382,
    "edge_conservation": 0.7999999999999734,
    "details": {
      "SN_0": {
        "intra_sim": 1.0,
        "n": 1
      },
      "SN_1": {
        "intra_sim": 0.6620100140571594,
        "n": 3
      }
    }
  },
  "3": {
    "total": 0.6271176982472693,
    "total_base": 0.6271176982472693,
    "intra_sim": 0.7570589941575643,
    "dag_safety": 1.0,
    "flow_balance": 0.0,
    "attr_balance": 0.0,
    "size_score": 0.75,
    "n_middle": 3,
    "n_warnings": 0,
    "inf_conservation": 0.9999999999999382,
    "edge_conservation": 0.89999999999997,
    "details": {
      "SN_0": {
        "intra_sim": 1.0,
        "n": 1
      },
      "SN_1": {
        "intra_sim": 1.0,
        "n": 1
      },
      "SN_2": {
        "intra_sim": 0.5,
        "n": 2
      }
    }
  }
}