{
  "4": {
    "total": 0.8660135247718166,
    "total_base": 0.8660135247718166,
    "intra_sim": 0.875,
    "dag_safety": 0.8333333333333334,
    "flow_balance": 0.8378636228967902,
    "attr_balance": 0.8378636228967902,
    "size_score": 0.9285714285714286,
    "n_middle": 4,
    "n_warnings": 1,
    "inf_conservation": 0.9999999999999372,
    "edge_conservation": 0.37583892617449416,
    "details": {
      "SN_0": {
        "intra_sim": 0.812916487455368,
        "n": 4
      },
      "SN_1": {
        "intra_sim": 0.4248229652643204,
        "n": 5
      },
      "SN_2": {
        "intra_sim": 0.9638049006462097,
        "n": 2
      },
      "SN_3": {
        "intra_sim": 0.7977881034215292,
        "n": 3
      }
    }
  },
  "5": {
    "total": 0.9118668078934781,
    "total_base": 0.9118668078934781,
    "intra_sim": 0.9,
    "dag_safety": 1.0,
    "flow_balance": 0.8817529458596264,
    "attr_balance": 0.8817529458596264,
    "size_score": 0.8571428571428572,
    "n_middle": 5,
    "n_warnings": 0,
    "inf_conservation": 0.9999999999999372,
    "edge_conservation": 0.44966442953019836,
    "details": {
      "SN_0": {
        "intra_sim": 0.812916487455368,
        "n": 4
      },
      "SN_1": {
        "intra_sim": 1.0,
        "n": 1
      },
      "SN_2": {
        "intra_sim": 0.6295474469661713,
        "n": 4
      },
      "SN_3": {
        "intra_sim": 0.9638049006462097,
        "n": 2
      },
      "SN_4": {
        "intra_sim": 0.7977881034215292,
        "n": 3
      }
    }
  },
  "6": {
    "total": 0.9212996719170161,
    "total_base": 0.9212996719170161,
    "intra_sim": 1.0,
    "dag_safety": 1.0,
    "flow_balance": 0.8566272590966357,
    "attr_balance": 0.8566272590966357,
    "size_score": 0.7857142857142857,
    "n_middle": 6,
    "n_warnings": 0,
    "inf_conservation": 0.9999999999999372,
    "edge_conservation": 0.5302013422818757,
    "details": {
      "SN_0": {
        "intra_sim": 0.812916487455368,
        "n": 4
      },
      "SN_1": {
        "intra_sim": 1.0,
        "n": 1
      },
      "SN_2": {
        "intra_sim": 0.9512280424435934,
        "n": 3
      },
      "SN_3": {
        "intra_sim": 1.0,
        "n": 1
      },
      "SN_4": {
        "intra_sim": 0.9638049006462097,
        "n": 2
      },
      "SN_5": {
        "intra_sim": 0.7977881034215292,
        "n": 3
      }
    }
  },
  "7": {
    "total": 0.9029412550575067,
    "total_base": 0.9029412550575067,
    "intra_sim": 1.0,
    "dag_safety": 1.0,
    "flow_balance": 0.8403364488014547,
    "attr_balance": 0.8403364488014547,
    "size_score": 0.7142857142857143,
    "n_middle": 7,
    "n_warnings": 0,
    "inf_conservation": 0.9999999999999372,
    "edge_conservation": 0.6040268456375799,
    "details": {
      "SN_0": {
        "intra_sim": 0.7396423617998759,
        "n": 3
      },
      "SN_1": {
        "intra_sim": 1.0,
        "n": 1
      },
      "SN_2": {
        "intra_sim": 0.9512280424435934,
        "n": 3
      },
      "SN_3": {
        "intra_sim": 0.9810402393341064,
        "n": 2
      },
      "SN_4": {
        "intra_sim": 1.0,
        "n": 1
      },
      "SN_5": {
        "intra_sim": 0.7977881034215292,
        "n": 3
      },
      "SN_6": {
        "intra_sim": 1.0,
        "n": 1
      }
    }
  },
  "8": {
    "total": 0.8830962006708075,
    "total_base": 0.8830962006708075,
    "intra_sim": 1.0,
    "dag_safety": 1.0,
    "flow_balance": 0.8180990883975158,
    "attr_balance": 0.8180990883975158,
    "size_score": 0.6428571428571428,
    "n_middle": 8,
    "n_warnings": 0,
    "inf_conservation": 0.9999999999999372,
    "edge_conservation": 0.6845637583892572,
    "details": {
      "SN_0": {
        "intra_sim": 1.0,
        "n": 1
      },
      "SN_1": {
        "intra_sim": 1.0,
        "n": 1
      },
      "SN_2": {
        "intra_sim": 0.8473533391952515,
        "n": 2
      },
      "SN_3": {
        "intra_sim": 0.9512280424435934,
        "n": 3
      },
      "SN_4": {
        "intra_sim": 0.9810402393341064,
        "n": 2
      },
      "SN_5": {
        "intra_sim": 1.0,
        "n": 1
      },
      "SN_6": {
        "intra_sim": 0.7977881034215292,
        "n": 3
      },
      "SN_7": {
        "intra_sim": 1.0,
        "n": 1
      }
    }
  }
}