{
  "3": {
    "total": 0.8212852777406557,
    "total_base": 0.8212852777406557,
    "intra_sim": 0.6666666666666667,
    "dag_safety": 1.0,
    "flow_balance": 0.7321999344920346,
    "attr_balance": 0.7321999344920346,
    "size_score": 0.9411764705882353,
    "n_middle": 3,
    "n_warnings": 0,
    "inf_conservation": 0.9999999999999446,
    "edge_conservation": 0.12499999999999858,
    "details": {
      "SN_0": {
        "intra_sim": 0.6679831693569819,
        "n": 9
      },
      "SN_1": {
        "intra_sim": 0.7628478407859802,
        "n": 3
      },
      "SN_2": {
        "intra_sim": 0.5418761849403382,
        "n": 5
      }
    }
  },
  "4": {
    "total": 0.8809971423114531,
    "total_base": 0.8809971423114531,
    "intra_sim": 0.75,
    "dag_safety": 1.0,
    "flow_balance": 0.8239885692458125,
    "attr_balance": 0.8239885692458125,
    "size_score": 1.0,
    "n_middle": 4,
    "n_warnings": 0,
    "inf_conservation": 0.9999999999999446,
    "edge_conservation": 0.17045454545454353,
    "details": {
      "SN_0": {
        "intra_sim": 0.48613670468330383,
        "n": 2
      },
      "SN_1": {
        "intra_sim": 0.8643476884989512,
        "n": 7
      },
      "SN_2": {
        "intra_sim": 0.7628478407859802,
        "n": 3
      },
      "SN_3": {
        "intra_sim": 0.5418761849403382,
        "n": 5
      }
    }
  },
  "5": {
    "total": 0.847520051209878,
    "total_base": 0.847520051209878,
    "intra_sim": 0.9,
    "dag_safety": 1.0,
    "flow_balance": 0.5571390283689236,
    "attr_balance": 0.5571390283689236,
    "size_score": 0.9411764705882353,
    "n_middle": 5,
    "n_warnings": 0,
    "inf_conservation": 0.9999999999999446,
    "edge_conservation": 0.21590909090908847,
    "details": {
      "SN_0": {
        "intra_sim": 1.0,
        "n": 1
      },
      "SN_1": {
        "intra_sim": 0.8296597969851324,
        "n": 8
      },
      "SN_2": {
        "intra_sim": 0.7628478407859802,
        "n": 3
      },
      "SN_3": {
        "intra_sim": 0.836384912331899,
        "n": 4
      },
      "SN_4": {
        "intra_sim": 1.0,
        "n": 1
      }
    }
  },
  "6": {
    "total": 0.8631601431334919,
    "total_base": 0.8631601431334919,
    "intra_sim": 0.9166666666666666,
    "dag_safety": 1.0,
    "flow_balance": 0.6467582195927911,
    "attr_balance": 0.6467582195927911,
    "size_score": 0.8823529411764706,
    "n_middle": 6,
    "n_warnings": 0,
    "inf_conservation": 0.9999999999999446,
    "edge_conservation": 0.2840909090909059,
    "details": {
      "SN_0": {
        "intra_sim": 1.0,
        "n": 1
      },
      "SN_1": {
        "intra_sim": 0.946697154215404,
        "n": 7
      },
      "SN_2": {
        "intra_sim": 0.7628478407859802,
        "n": 3
      },
      "SN_3": {
        "intra_sim": 0.836384912331899,
        "n": 4
      },
      "SN_4": {
        "intra_sim": 1.0,
        "n": 1
      },
      "SN_5": {
        "intra_sim": 1.0,
        "n": 1
      }
    }
  },
  "7": {
    "total": 0.8985123122785973,
    "total_base": 0.8985123122785973,
    "intra_sim": 0.9285714285714286,
    "dag_safety": 1.0,
    "flow_balance": 0.8209400054169101,
    "attr_balance": 0.8209400054169101,
    "size_score": 0.8235294117647058,
    "n_middle": 7,
    "n_warnings": 0,
    "inf_conservation": 0.9999999999999446,
    "edge_conservation": 0.36363636363635954,
    "details": {
      "SN_0": {
        "intra_sim": 1.0,
        "n": 1
      },
      "SN_1": {
        "intra_sim": 0.8374377153813839,
        "n": 4
      },
      "SN_2": {
        "intra_sim": 0.9932967921098074,
        "n": 4
      },
      "SN_3": {
        "intra_sim": 0.7628478407859802,
        "n": 3
      },
      "SN_4": {
        "intra_sim": 0.9896824161211649,
        "n": 3
      },
      "SN_5": {
        "intra_sim": 1.0,
        "n": 1
      },
      "SN_6": {
        "intra_sim": 1.0,
        "n": 1
      }
    }
  }
}