{
  "2": {
    "total": 0.5664063304608039,
    "total_base": 0.5664063304608039,
    "intra_sim": 0.4447586901884951,
    "dag_safety": 1.0,
    "flow_balance": 0.0,
    "attr_balance": 0.0,
    "size_score": 0.9148936170212766,
    "n_middle": 2,
    "n_warnings": 0,
    "inf_conservation": 1.0000001149585627,
    "edge_conservation": 0.024663677130044786,
    "details": {
      "SN_0": {
        "intra_sim": 0.18686679063962816,
        "n": 33
      },
      "SN_1": {
        "intra_sim": 0.45260877796745563,
        "n": 14
      }
    }
  },
  "3": {
    "total": 0.7523303078309252,
    "total_base": 0.7523303078309252,
    "intra_sim": 0.5,
    "dag_safety": 1.0,
    "flow_balance": 0.6603850611109348,
    "attr_balance": 0.6603850611109348,
    "size_score": 0.9361702127659575,
    "n_middle": 3,
    "n_warnings": 0,
    "inf_conservation": 0.9999998850413169,
    "edge_conservation": 0.04260089686098645,
    "details": {
      "SN_0": {
        "intra_sim": 0.2311787711865879,
        "n": 29
      },
      "SN_1": {
        "intra_sim": 0.484458637304413,
        "n": 13
      },
      "SN_2": {
        "intra_sim": 0.3500165504869074,
        "n": 5
      }
    }
  },
  "4": {
    "total": 0.7411733258486755,
    "total_base": 0.7411733258486755,
    "intra_sim": 0.5,
    "dag_safety": 0.6666666666666667,
    "flow_balance": 0.9320691899195244,
    "attr_balance": 0.9320691899195244,
    "size_score": 0.9574468085106383,
    "n_middle": 4,
    "n_warnings": 2,
    "inf_conservation": 0.9999999999999398,
    "edge_conservation": 0.0582959641255604,
    "details": {
      "SN_0": {
        "intra_sim": 0.338356269726699,
        "n": 11
      },
      "SN_1": {
        "intra_sim": 0.3113383737144915,
        "n": 19
      },
      "SN_2": {
        "intra_sim": 0.5254215923787067,
        "n": 12
      },
      "SN_3": {
        "intra_sim": 0.3500165504869074,
        "n": 5
      }
    }
  },
  "5": {
    "total": 0.8251276484576264,
    "total_base": 0.8251276484576264,
    "intra_sim": 0.5,
    "dag_safety": 1.0,
    "flow_balance": 0.9175318704262505,
    "attr_balance": 0.9175318704262505,
    "size_score": 0.9787234042553191,
    "n_middle": 5,
    "n_warnings": 0,
    "inf_conservation": 1.0000000395169664,
    "edge_conservation": 0.07623318385650207,
    "details": {
      "SN_0": {
        "intra_sim": 0.3540132330937518,
        "n": 10
      },
      "SN_1": {
        "intra_sim": 0.49573458315661323,
        "n": 13
      },
      "SN_2": {
        "intra_sim": 0.20912846395124993,
        "n": 6
      },
      "SN_3": {
        "intra_sim": 0.45260877796745563,
        "n": 14
      },
      "SN_4": {
        "intra_sim": 0.5590062321474155,
        "n": 4
      }
    }
  },
  "6": {
    "total": 0.8540103921296274,
    "total_base": 0.8540103921296274,
    "intra_sim": 0.5833333333333333,
    "dag_safety": 1.0,
    "flow_balance": 0.9160415685185099,
    "attr_balance": 0.9160415685185099,
    "size_score": 1.0,
    "n_middle": 6,
    "n_warnings": 0,
    "inf_conservation": 0.9999999820376549,
    "edge_conservation": 0.09192825112107603,
    "details": {
      "SN_0": {
        "intra_sim": 0.3824296297195057,
        "n": 9
      },
      "SN_1": {
        "intra_sim": 0.4745257875912792,
        "n": 14
      },
      "SN_2": {
        "intra_sim": 0.17142975879833103,
        "n": 5
      },
      "SN_3": {
        "intra_sim": 0.4511752458458597,
        "n": 11
      },
      "SN_4": {
        "intra_sim": 0.5590062321474155,
        "n": 4
      },
      "SN_5": {
        "intra_sim": 0.936883936325709,
        "n": 4
      }
    }
  }
}