{
  "2": {
    "total": 0.8180168087006817,
    "total_base": 0.8180168087006817,
    "intra_sim": 0.4597822711351892,
    "dag_safety": 1.0,
    "flow_balance": 0.9888999380119287,
    "attr_balance": 0.9888999380119287,
    "size_score": 0.9142857142857143,
    "n_middle": 2,
    "n_warnings": 0,
    "inf_conservation": 1.0000000862975895,
    "edge_conservation": 0.020498614958448742,
    "details": {
      "SN_0": {
        "intra_sim": 0.11326874756061839,
        "n": 40
      },
      "SN_1": {
        "intra_sim": 0.30382780520041874,
        "n": 30
      }
    }
  },
  "3": {
    "total": 0.7136963027470808,
    "total_base": 0.7136963027470808,
    "intra_sim": 0.5,
    "dag_safety": 0.6666666666666667,
    "flow_balance": 0.8452614014645138,
    "attr_balance": 0.8452614014645138,
    "size_score": 0.9285714285714286,
    "n_middle": 3,
    "n_warnings": 1,
    "inf_conservation": 1.0000001107791867,
    "edge_conservation": 0.029916897506925194,
    "details": {
      "SN_0": {
        "intra_sim": 0.22811858424132592,
        "n": 20
      },
      "SN_1": {
        "intra_sim": 0.12862492842268375,
        "n": 19
      },
      "SN_2": {
        "intra_sim": 0.2888597074356796,
        "n": 31
      }
    }
  },
  "4": {
    "total": 0.7621451591786441,
    "total_base": 0.7621451591786441,
    "intra_sim": 0.625,
    "dag_safety": 0.8333333333333334,
    "flow_balance": 0.7109615890955286,
    "attr_balance": 0.7109615890955286,
    "size_score": 0.9428571428571428,
    "n_middle": 4,
    "n_warnings": 1,
    "inf_conservation": 1.0000000936420685,
    "edge_conservation": 0.03933518005540164,
    "details": {
      "SN_0": {
        "intra_sim": 0.22499544016189046,
        "n": 10
      },
      "SN_1": {
        "intra_sim": 0.17002250648235373,
        "n": 28
      },
      "SN_2": {
        "intra_sim": 0.6559743881225586,
        "n": 2
      },
      "SN_3": {
        "intra_sim": 0.30382780520041874,
        "n": 30
      }
    }
  },
  "5": {
    "total": 0.8458920520361388,
    "total_base": 0.8458920520361388,
    "intra_sim": 0.6,
    "dag_safety": 0.9,
    "flow_balance": 0.9978539224302692,
    "attr_balance": 0.9978539224302692,
    "size_score": 0.9571428571428572,
    "n_middle": 5,
    "n_warnings": 1,
    "inf_conservation": 1.000000125468145,
    "edge_conservation": 0.04875346260387809,
    "details": {
      "SN_0": {
        "intra_sim": 0.4217654727399349,
        "n": 5
      },
      "SN_1": {
        "intra_sim": 0.21621091761392783,
        "n": 23
      },
      "SN_2": {
        "intra_sim": 0.6559743881225586,
        "n": 2
      },
      "SN_3": {
        "intra_sim": 0.21855052545692566,
        "n": 9
      },
      "SN_4": {
        "intra_sim": 0.2888597074356796,
        "n": 31
      }
    }
  },
  "6": {
    "total": 0.8519264046539031,
    "total_base": 0.8519264046539031,
    "intra_sim": 0.5833333333333333,
    "dag_safety": 0.9333333333333333,
    "flow_balance": 0.9972294281394223,
    "attr_balance": 0.9972294281394223,
    "size_score": 0.9714285714285714,
    "n_middle": 6,
    "n_warnings": 1,
    "inf_conservation": 1.0000000960902282,
    "edge_conservation": 0.05927977839335177,
    "details": {
      "SN_0": {
        "intra_sim": 0.4217654727399349,
        "n": 5
      },
      "SN_1": {
        "intra_sim": 0.19664925742938322,
        "n": 19
      },
      "SN_2": {
        "intra_sim": 0.6559743881225586,
        "n": 2
      },
      "SN_3": {
        "intra_sim": 0.21855052545692566,
        "n": 9
      },
      "SN_4": {
        "intra_sim": 0.27532775903095136,
        "n": 16
      },
      "SN_5": {
        "intra_sim": 0.44727988309946526,
        "n": 19
      }
    }
  }
}