{
  "2": {
    "total": 0.5601992152373317,
    "total_base": 0.5601992152373317,
    "intra_sim": 0.4193106205670382,
    "dag_safety": 0.0,
    "flow_balance": 0.9909574496022143,
    "attr_balance": 0.9909574496022143,
    "size_score": 0.9333333333333333,
    "n_middle": 2,
    "n_warnings": 1,
    "inf_conservation": 0.9999999999999208,
    "edge_conservation": 0.10752688172042896,
    "details": {
      "SN_0": {
        "intra_sim": 0.6866972648671695,
        "n": 7
      },
      "SN_1": {
        "intra_sim": 0.37781688903591465,
        "n": 8
      }
    }
  },
  "3": {
    "total": 0.8913092956653974,
    "total_base": 0.8913092956653974,
    "intra_sim": 0.6666666666666667,
    "dag_safety": 1.0,
    "flow_balance": 0.9652371826615895,
    "attr_balance": 0.9652371826615895,
    "size_score": 1.0,
    "n_middle": 3,
    "n_warnings": 0,
    "inf_conservation": 0.9999999999999208,
    "edge_conservation": 0.16129032258064344,
    "details": {
      "SN_0": {
        "intra_sim": 0.6866972648671695,
        "n": 7
      },
      "SN_1": {
        "intra_sim": 0.5024321389695009,
        "n": 4
      },
      "SN_2": {
        "intra_sim": 0.8603716890017191,
        "n": 4
      }
    }
  },
  "4": {
    "total": 0.8044855718751988,
    "total_base": 0.8044855718751988,
    "intra_sim": 0.75,
    "dag_safety": 0.6666666666666667,
    "flow_balance": 0.904608954167462,
    "attr_balance": 0.904608954167462,
    "size_score": 0.9333333333333333,
    "n_middle": 4,
    "n_warnings": 2,
    "inf_conservation": 0.9999999999999208,
    "edge_conservation": 0.2258064516129008,
    "details": {
      "SN_0": {
        "intra_sim": 0.9729858040809631,
        "n": 2
      },
      "SN_1": {
        "intra_sim": 0.08025922626256943,
        "n": 2
      },
      "SN_2": {
        "intra_sim": 0.606762408500626,
        "n": 7
      },
      "SN_3": {
        "intra_sim": 0.8603716890017191,
        "n": 4
      }
    }
  },
  "5": {
    "total": 0.9075686183458385,
    "total_base": 0.9075686183458385,
    "intra_sim": 0.9,
    "dag_safety": 1.0,
    "flow_balance": 0.8569411400500204,
    "attr_balance": 0.8569411400500204,
    "size_score": 0.8666666666666667,
    "n_middle": 5,
    "n_warnings": 0,
    "inf_conservation": 0.9999999999999208,
    "edge_conservation": 0.2580645161290295,
    "details": {
      "SN_0": {
        "intra_sim": 1.0,
        "n": 1
      },
      "SN_1": {
        "intra_sim": 1.0,
        "n": 1
      },
      "SN_2": {
        "intra_sim": 0.8069872299830119,
        "n": 6
      },
      "SN_3": {
        "intra_sim": 0.9112163384755453,
        "n": 3
      },
      "SN_4": {
        "intra_sim": 0.8603716890017191,
        "n": 4
      }
    }
  },
  "6": {
    "total": 0.9409739467855566,
    "total_base": 0.9409739467855566,
    "intra_sim": 1.0,
    "dag_safety": 1.0,
    "flow_balance": 0.9238957871422262,
    "attr_balance": 0.9238957871422262,
    "size_score": 0.8,
    "n_middle": 6,
    "n_warnings": 0,
    "inf_conservation": 0.9999999999999208,
    "edge_conservation": 0.33333333333332976,
    "details": {
      "SN_0": {
        "intra_sim": 1.0,
        "n": 1
      },
      "SN_1": {
        "intra_sim": 1.0,
        "n": 1
      },
      "SN_2": {
        "intra_sim": 0.8785917659600576,
        "n": 4
      },
      "SN_3": {
        "intra_sim": 0.9112163384755453,
        "n": 3
      },
      "SN_4": {
        "intra_sim": 0.9212004741032919,
        "n": 3
      },
      "SN_5": {
        "intra_sim": 0.8501382867495219,
        "n": 3
      }
    }
  }
}